,CharacterDesignId,CharacterDesignName,CharacterHeadPartId,CharacterBodyPartId,GenderType,RaceType,Hp,Pilot,Attack,FireResistance,Repair,Weapon,Science,Engine,Research,Level,WalkingSpeed,GasCost,MineralCost,MinShipLevel,FinalHp,FinalPilot,FinalAttack,FinalRepair,FinalWeapon,FinalScience,FinalEngine,FinalResearch,CharacterLegPartId,Rarity,ProgressionType,CharacterDesignDescription,XpRequirementScale,MaxCharacterLevel,SpecialAbilityType,SpecialAbilityArgument,SpecialAbilityFinalArgument,ProfileSpriteId,RunSpeed,TrainingCapacity,EquipmentMask,SpeechVoice,SpeechPhrases,SpeechRate,SpeechPitch,Flags,RootCharacterDesignId,TapSoundFileId,ActionSoundFileId,CollectionDesignId
0,1,Laura,1,2,Female,Unknown,2,0,1,1,1,1,1,1,1,1,1,0,0,1,6,18,1.9,1.7,4,7,3,4,28,Special,Linear,Space Academy graduate and much loved Capt'n of the Starship.,1,40,DeductReload,240,460,2852,2,200,62,,,1,1,9,1,589,591,0
1,2,Lisa,3,4,Female,Unknown,2,0,1,1,1,1,1,1,1,1,1,0,0,1,6,18,1.9,1.7,7,12,4,4,29,Special,Linear,Space Academy graduate and much loved Capt'n of the Starship.,1,40,HealSelfHp,3,6,2904,2,200,62,,,1,1,9,2,589,591,0
2,3,Michelle,5,6,Female,Unknown,2,0,1,1,1,1,1,1,1,1,1,0,0,1,6,18,1.9,1.7,13,4,3,4,30,Special,Linear,Space Academy graduate and much loved Capt'n of the Starship.,1,40,HealSameRoomCharacters,1,5,2885,2,200,62,,,1,1,9,3,589,591,0
3,4,Bobby,7,8,Male,Unknown,2,0,1,1,1,1,1,1,1,1,1,0,0,1,6,18,1.9,1.7,3,3,14,3,33,Special,Linear,Space Academy graduate and much loved Capt'n of the Starship.,1,40,AddReload,20,40,2851,2,200,62,,,1,1,9,4,593,592,0
4,5,Edward,9,10,Male,Unknown,2,0,1,1,1,1,1,1,1,1,1,0,0,1,6,18,1.9,1.7,3,6,4,3,34,Special,Linear,Space Academy graduate and much loved Capt'n of the Starship.,1,40,DamageToRoom,2,4,2905,2,200,62,,,1,1,9,5,593,592,0
5,6,Tony,11,12,Male,Unknown,2,0,1,1,1,1,1,1,1,1,1,0,0,1,6,18,1.9,1.7,2,4,7,4,35,Special,Linear,Space Academy graduate and much loved Capt'n of the Starship.,1,40,HealRoomHp,2,5,2886,2,200,62,,,1,1,9,6,593,592,0
6,7,Green Ranger - Oliver,41,42,Male,White,3,0,1,1,1.7,1,1,1,1,1,1,0,0,1,9,3,2.8,2.4,7,21,6,4,43,Hero,Linear,Justice never loses,1,40,DamageToSameRoomCharacters,4,6,2875,2,90,3,,,1,1,3,7,593,592,0
7,8,Engineer Bob,44,8,Male,Asian,3,0,1,1,1,1,1,12,1,1,1,1,1,1,7,3,1.7,3,6,6,24,4,33,Special,Linear,"An engineer, engine up!",1,40,HealRoomHp,2,10,3360,2,100,3,,,1,1,3,8,593,592,0
8,9,Big Football Fan,45,46,Male,White,2,0,1,1,1,2,3,1,1,1,1,1,1,1,4,3,2.3,1.8,2,7,8,8,47,Elite,Linear,A football fan who is seeking the legendary football player,1,40,None,0,0,3011,2,60,6,,,1,1,19,9,593,592,0
9,10,Mr Coconut,48,50,Male,Asian,4,6,1.8,1,1.8,14,9,6,1,1,1,1,1,1,7,15,2.7,2.5,25,18,18,4,51,Hero,Linear,A man born from a coconut.,1,40,DeductReload,240,600,3366,2,90,3,,,1,1,3,10,593,592,1
10,11,Verunus,52,53,Female,Alien,3,4,1.4,1,1,7,2,1,2,1,1,1,1,1,6,12,2.6,2,15,12,3,4,54,Unique,Linear,"Verunus is born to seduce you,eh... ok,seduce alien ",1,40,HealSameRoomCharacters,2,5,2872,2,70,5,,,1,1,19,11,589,591,0
11,12,Menga Linuxer,55,56,Male,Robot,5,0,1.9,1,1.9,12,13,15,1,1,1,1,1,1,12,12,3,3.1,21,18,21,4,57,Hero,EaseIn,A crazy robot developer put himself into a linux-base robot body,1,40,DamageToRoom,3,6,2897,2,90,5,,,1,1,3,12,593,592,1
12,13,Visiri Capt'n,58,59,Male,Alien,3,2,1.3,1,1.4,6,3,3,1,1,1,0,1,1,6,12,2.4,2.4,18,12,18,4,60,Unique,Linear,An ugly alien captain.,1,40,AddReload,10,30,2878,2,70,24,,,1,1,19,13,3512,592,14
13,14,Medusa,61,59,Female,Alien,3,3,1.6,1,1.6,6,3,12,5,1,1,0,1,1,7,15,2.9,2.9,14,12,20,13,62,Epic,EaseOut,Visiri with evolved manuvering mechanics.,1,40,AddReload,22,35,3409,2,80,24,,,1,1,19,14,589,591,14
14,15,Doge,63,64,Male,Animal,4,3,1.6,1,1.5,6,6,6,5,1,1,0,1,1,9,15,3,2.8,15,18,16,10,65,Special,EaseIn,Man's Best Friend,1,40,HealSameRoomCharacters,4,8,2876,2,100,6,,,1,1,3,15,1422,1422,5
15,16,Serge Eric,66,67,Male,White,3,2,1.5,1,1.3,4,6,3,1,1,1,0,1,1,5,3,2.1,1.7,12,7,10,4,68,Unique,Linear,A boy who willing to be a general in the space,1,40,DeductReload,192,360,2903,2,70,3,,,1,1,19,16,593,592,0
16,17,Robot,69,70,Male,Robot,3,4,1.5,1,1,7,4,4,1,1,1,0,1,1,7,12,2.7,2.8,14,14,14,4,71,Special,EaseOut,R..o..b....o.........to,1,40,DeductReload,240,480,3359,2,100,10,,,1,1,3,17,595,595,0
17,18,Yusi,72,73,Male,Asian,3,8,1.8,1,2.1,9,12,4,1,1,1,0,1,1,10,18,2.5,2.9,18,21,12,4,74,Hero,Linear,"An artist, wish that he found every astronomical landscape and record them by drawing",1,40,HealSelfHp,4,10,3364,2,90,3,,,1,1,3,18,593,592,1
18,19,Xin,75,76,Male,Asian,4,7,1.8,1,1.8,9,9,15,1,1,1,0,1,1,10,18,2.7,2.7,15,18,24,10,77,Hero,Linear,The BOSS,1,40,AddReload,40,50,4868,2,90,3,,,1,1,3,19,593,592,1
19,20,Monk,78,79,Male,White,2,1,1.1,1,1.1,0,3,0,1,1,1,1,1,1,4,1,1.4,2.1,3,15,3,4,80,Elite,Linear,"A monk who doesn't want to limit his own living area, trying find the only truth.",1,40,None,0,0,13159,2,60,9,,,1,1,19,20,593,592,0
20,21,Roborob,81,82,Male,Robot,6,6,1.9,1,1.6,12,12,3,1,1,1,0,1,1,12,12,2.8,3.1,20,20,8,4,83,Hero,Linear,"Artificial life, super technology, if you don't see a man inside",1,40,DeductReload,180,360,3361,2,90,9,,,1,1,3,21,593,592,0
21,22,Steve,84,8,Male,Asian,2,0,1,1,1,1,1,1,1,1,1,0,0,1,4,3,1.4,1.4,6,6,6,5,33,Common,Linear,A humble crew.,1,40,None,0,0,2851,2,50,3,,,1,1,19,22,593,592,0
22,23,Lin,85,2,Female,Asian,2,0,1,1,1,1,1,1,3,1,1,0,0,1,3,4,1.8,1.3,6,6,6,5,28,Common,Linear,A cute girl.,1,40,None,0,0,2852,2,50,6,,,1,1,19,23,589,591,0
23,24,Hulk,86,12,Male,Black,2,0,1,1,1,1,1,1,1,1,1,0,0,1,3,4,1.4,1.4,8,6,6,4,35,Common,Linear,In pursuit of happiness.,1,40,None,0,0,2886,2,50,3,,,1,1,19,24,593,592,0
24,25,Michelle,87,6,Female,Black,2,0,1,1,1,1,1,1,1,1,1,0,0,1,3,4,1.4,1.4,6,8,6,5,30,Common,Linear,Wants to marry a president.,1,40,None,0,0,2885,2,50,3,,,1,1,19,25,589,591,0
25,26,Kevin,88,10,Male,White,2,0,1,1,1,1,1,1,1,1,1,0,0,1,3,4,1.4,1.4,6,6,8,5,34,Common,Linear,Jack of all trades.,1,40,None,0,0,2905,2,50,6,,,1,1,19,26,593,592,0
26,27,Monica,89,4,Female,White,2,0,1,1,1,1,1,1,1,1,1,0,0,1,3,4,1.4,1.8,6,6,6,5,29,Common,Linear,The mistress.,1,40,None,0,0,2904,2,50,3,,,1,1,19,27,589,591,0
27,28,Assassin alien,90,91,Female,Alien,3,3,1.5,1,1.8,8,3,6,5,1,1,0,0,1,6,12,2.8,2.5,18,15,15,10,92,Epic,Linear,The best assassin from the well known bloody planet.,1,40,DamageToCurrentEnemy,2,6,2877,2,80,9,,,1,1,19,28,593,592,0
28,29,Ponytail Alien,93,94,Female,Alien,3,2,1.4,1,1.5,6,3,3,5,1,1,0,0,1,6,3,2.4,2.8,14,10,10,10,95,Epic,Linear,An alien who loves humankind culture. ,1,40,DeductReload,240,540,2879,2,80,24,,,1,1,19,29,593,592,0
29,30,Area51 Alien,96,73,Male,Alien,3,3,1.6,5,1.6,6,6,6,5,1,1,0,0,1,8,14,2.7,2.7,12,14,18,4,74,Special,Linear,Loading...,1,40,DeductReload,240,600,2881,2,100,10,,,1,1,3,30,3512,3514,13
30,31,Dennis,97,8,Male,White,3,3,1.4,3,1.4,3,6,1,1,1,1,0,0,1,6,10,2,2.8,12,9,9,10,33,Unique,Linear,A guy from cats right society.,1,40,HealSameRoomCharacters,2,4,2869,2,70,6,,,1,1,19,31,593,592,0
31,32,Demon Boy,98,99,Male,Animal,3,3,1.6,100,1.7,6,10,1,1,1,1,0,0,1,8,15,2.8,3.1,16,18,14,13,100,Epic,Linear,"A boy who came from a very dark planet, trying to prove himself.",1,40,FireWalk,20,30,2889,2,80,6,,,1,1,19,32,593,592,0
32,33,Professor,101,102,Male,White,3,2,1.4,3,1.4,3,6,3,4,1,1,0,0,1,6,12,2.4,2.4,9,16,9,4,103,Unique,Linear,"A professor received a help message while he is giving a lecture, but he can't ignore the message",1,40,DeductReload,180,420,3370,2,70,3,,,1,1,19,33,593,592,0
33,34,Mikael Monnier,104,105,Male,White,2,1,0.9,1,1.1,4,2,2,2,1,1,0,0,1,4,7,1.8,1.8,12,6,7,10,106,Elite,Linear,"Monday lover, working hard never have blue monday",1,40,None,0,0,3425,2,60,3,,,1,1,19,34,593,592,0
34,35,Oren Marcus,107,108,Male,White,3,0,1,1,1.1,2,2,2,2,1,1,0,0,1,5,7,1.7,1.9,10,8,7,7,109,Elite,Linear,"Orientation of newbie captain, love to guide others",1,40,None,0,0,13156,2,60,3,,,1,1,19,35,593,592,0
35,36,Rob,110,111,Male,Asian,2,1,1,1,1,3,2,2,2,1,1,0,0,1,5,7,1.8,1.8,12,8,8,7,112,Elite,Linear,Rob :),1,40,None,0,0,13157,2,60,6,,,1,1,19,36,593,592,1
36,37,Thomas,113,114,Male,White,4,6,1.7,8,1.8,10,8,13,8,1,1,0,0,1,10,18,2.7,2.6,15,20,26,9,115,Hero,EaseIn,Finds and destroys bugs on a regular basis. He goes by the name TJ,1,40,DeductReload,240,600,4867,2,90,3,,,1,1,3,37,593,592,1
37,38,Eric,116,117,Male,Asian,3,3,1.6,5,1.6,6,9,6,5,1,1,0,0,1,8,15,2.9,2.9,15,21,13,9,118,Epic,Linear,"A missing boy wanted to leave this unpredictable universe, but it's too late!",1,40,HealSameRoomCharacters,1,5,13160,2,80,3,,,1,1,19,38,593,592,1
38,39,Elf,119,120,Female,Animal,3,3,1.6,5,1.5,10,2,2,5,1,1,0,0,1,9,15,3,3,20,12,8,9,121,Epic,Linear,"A creature coming from a mysterious dimension, doesn't belong to our world",1,40,HealSameRoomCharacters,2,6,2902,2,80,24,,,1,1,19,39,589,591,0
39,40,Captain,122,123,Male,White,3,2,1.4,3,1.6,3,6,9,1,1,1,0,0,1,6,12,2.8,2.5,18,18,18,9,124,Special,EaseIn,"Captain is an experienced spaceship captain, here to enjoy his retired life",1,40,AddReload,40,50,2923,2,200,62,,,1,1,9,40,593,592,0
40,41,Vivien,125,126,Female,Asian,3,2,1.3,1,1.4,3,4,7,3,1,1,0,0,1,6,10,2.5,2.3,10,10,18,9,127,Unique,Linear,Part-time SavySoda Emergency Response Personnel. Some wonder if she is actually part-robot too. ,1,40,HealRoomHp,2,4,10872,2,70,6,,,1,1,19,41,589,591,1
41,42,Lollita,128,129,Female,White,4,6,2.1,5,1.4,12,12,12,5,1,1,0,0,1,10,18,3.2,3.1,20,20,20,17,130,Hero,Linear,ALWAYS CORRECT,1,40,HealSameRoomCharacters,4,7,2873,2,90,24,,,1,1,3,42,589,591,0
42,43,Male Nurse,131,132,Male,Asian,3,2,1.6,3,1.3,3,4,4,4,1,1,0,0,1,6,10,2.6,2.2,12,14,14,9,133,Unique,Linear,"I am a nurse, but a male nurse",1,40,HealSameRoomCharacters,2,4,2871,2,70,5,,,1,1,19,43,593,592,0
43,44,Kent,134,135,Male,White,2,1,1.1,1,1.1,3,3,3,3,1,1,0,0,1,4,7,1.8,1.8,8,8,8,9,136,Elite,EaseOut,My name is Kent,1,40,None,0,0,13161,2,60,5,,,1,1,19,44,593,592,0
44,45,Government Troop,137,138,Male,Robot,3,3,1.7,5,1.4,6,6,6,5,1,1,0,1,1,8,15,3.1,2.5,15,13,13,6,139,Epic,Linear,Government Conscripted Troops,1,40,DamageToRoom,1,4,2899,2,80,12,,,1,1,19,45,593,592,0
45,46,Gentleman,44,186,Male,White,3,2,2.4,3,1.4,3,3,3,3,1,1,0,0,1,6,12,2.4,2.4,12,12,12,10,127,Unique,EaseIn,Legendary HeNtAI,1,40,DamageToRoom,1,3,3369,2,70,5,,,1,1,19,46,593,592,0
46,47,Ninja,140,141,Male,Asian,3,3,1.6,5,1.6,8,6,6,5,1,1,0,0,1,8,15,2.8,2.9,20,14,12,13,142,Epic,Linear,"Had an assasination mission, but his target sent him to space by accident. ",1,40,DamageToCurrentEnemy,2,4,2896,2,80,6,,,1,1,19,47,593,592,0
47,48,Good student,143,144,Male,Black,3,2,1.3,3,1.4,3,6,1,3,1,1,0,0,1,6,12,2.5,2.3,12,14,10,4,145,Unique,Linear,"Good student wants to learn everything, every knowledge, including this mystic universe",1,40,DeductReload,120,240,2884,2,70,6,,,1,1,19,48,593,592,0
48,49,Walking Skeleton,146,147,Male,Animal,3,3,1.6,5,1.6,6,6,6,1,1,1,0,0,1,8,12,2.9,2.9,15,18,13,4,148,Epic,Linear,The only child of Death himself...,1,40,DamageToSameRoomCharacters,2,4,2874,2,80,24,,,1,1,19,49,593,592,0
49,50,Grandpa,149,150,Male,White,3,4,1.6,6,1.7,8,8,10,8,1,1,0,0,1,8,15,2.9,3,15,15,18,13,151,Special,EaseOut," An elderly at home, is much alike having an invaluable treasure in hand.",1,40,HealSelfHp,3,6,2870,2,100,3,,,1,1,3,50,593,592,0
50,51,Arctic Pole Boy,152,153,Male,White,2,1,1.1,2,1.1,2,2,2,2,1,1,0,0,1,4,7,1.8,1.8,8,3,8,8,154,Unique,Linear,Ready to explore frozen alien worlds,1,40,Freeze,40,120,2880,2,70,6,,,1,1,19,51,593,592,0
51,52,Astronaut,155,156,Male,Black,3,2,1.3,3,1.2,3,4,6,1,1,1,0,0,1,5,12,2.2,2.3,10,12,19,4,157,Unique,Linear,Originally trained by MASA,1,40,HealSelfHp,3,6,2882,2,70,10,,,1,1,19,52,593,592,0
52,53,Evil General,158,159,Male,Animal,3,2,1.2,3,1.4,7,0,0,3,1,1,0,0,1,8,12,2.1,2.6,15,3,3,4,160,Unique,Linear,"Ambition general, thought he can conquer this whole universe, hahaha",1,40,DamageToRoom,1,5,2890,2,70,12,,,1,1,19,53,593,592,0
53,54,Collins,161,10,Male,White,3,0,1,1,1,1,1,1,1,1,1,0,0,1,4,3,1.7,1.7,2,4,4,4,34,Common,Linear,"Collins, Ex-Russian Astronaut.",1,40,None,0,0,2905,2,50,3,,,1,1,19,54,593,592,0
54,55,Alex,162,10,Male,White,3,0,1,1,1,1,1,1,1,1,1,0,0,1,4,4,1.5,2.1,2,4,4,4,34,Common,Linear,"Alex, an avid rockstar.",1,40,None,0,0,2905,2,50,3,,,1,1,19,55,593,592,0
55,56,Jake,163,22,Male,White,3,0,1,1,1,1,1,1,1,1,1,0,0,1,4,3,1.6,1.9,2,4,4,4,38,Common,Linear,Huge fan of Elvis ,1,40,None,0,0,2851,2,50,3,,,1,1,19,56,593,592,0
56,57,Larry,164,18,Male,White,3,0,1,1,1,1,1,1,1,1,1,0,0,1,4,3,1.6,1.8,2,4,4,4,36,Common,Linear,A real ladies man,1,40,None,0,0,2851,2,50,3,,,1,1,19,57,593,592,0
57,58,Monkey King,165,56,Male,Animal,4,3,1.7,1,1.6,7,7,0,6,1,1,0,0,1,9,15,2.4,2.9,18,18,0,10,40,Epic,Linear,"The great monkey, first monkey in this space",1,40,DamageToRoom,2,4,13164,2,80,5,,,1,1,19,58,593,592,0
58,59,Peter,166,20,Male,Asian,3,0,1,1,1,1,1,1,1,1,1,0,0,1,4,3,1.6,2,2,4,4,4,37,Common,Linear,"Age 34, still lives with parents.",1,40,None,0,0,2851,2,50,3,,,1,1,19,59,593,592,0
59,60,Skully,167,24,Male,Asian,3,0,1,1,1,1,1,1,1,1,1,0,0,1,4,3,1.8,1.9,2,4,4,4,39,Common,Linear,His deranged father chose the name...,1,40,None,0,0,2851,2,50,3,,,1,1,19,60,593,592,0
60,61,Tran,168,10,Male,White,3,0,1,1,1,1,1,1,1,1,1,0,0,1,4,3,1.8,2.1,2,4,4,4,34,Common,Linear,Genetically modified fighter,1,40,None,0,0,2905,2,50,3,,,1,1,19,61,593,592,0
61,62,Sakura,169,170,Female,Asian,3,3,1.4,1,1.4,8,8,8,7,1,1,0,0,1,8,14,3,3,12,16,18,10,171,Epic,EaseIn,"A tender girl, what is covering by her smile. ",1,40,HealRoomHp,1,4,3367,2,80,10,,,1,1,19,62,589,591,0
62,63,Gong Fu girl,172,173,Female,Asian,2,1,1.5,3,1.5,1,1,1,1,1,1,0,0,1,5,7,2,2,3,4,4,4,174,Elite,EaseIn,A girl wants to show this world that a female with gong fu can win any type of creatures,1,40,None,0,0,2955,2,60,6,,,1,1,19,63,589,591,0
63,64,Sarah,175,176,Female,White,2,1,1.3,3,1.1,2,3,3,2,1,1,0,0,1,5,10,2.1,1.8,9,9,9,8,177,Elite,Linear,"Lively girl just like your neighbour, her smile made your day.",1,40,None,0,0,2852,2,60,6,,,1,1,19,64,589,591,0
64,65,Jemima ,178,179,Female,White,2,2,1,3,1,4,3,3,1,1,1,0,0,1,3,3,1.7,1.7,13,9,9,8,180,Elite,Linear,"Was a cheer leader, cheers every pilot up.",1,40,None,0,0,13165,2,60,9,,,1,1,19,65,589,591,0
65,66,Jane,181,4,Female,White,2,0,1,1,1,1,1,1,1,1,1,0,0,1,3,3,1.7,1.7,7,12,4,4,29,Elite,Linear,Does everything to the books,1,40,None,0,0,2904,2,60,6,,,1,1,19,66,589,591,0
66,67,Cara,182,183,Female,Asian,3,3,1.5,3,1.6,6,10,1,1,1,1,0,1,1,6,12,2.3,2.4,14,18,3,10,184,Unique,Linear,Graduated from Space Academy with Xin ;).,1,40,AddReload,20,30,2883,2,70,10,,,1,1,19,67,589,591,1
67,68,Witch,188,189,Female,White,3,3,1.4,5,1.7,9,6,4,5,1,1,0,0,1,8,12,3,3,19,14,14,12,190,Epic,EaseOut,"Thirst to know every spell on this universe, voodoo, magic, bless, everything.",1,40,HealSameRoomCharacters,1,5,2906,2,80,10,,,1,1,19,68,589,591,0
68,69,Jessica,191,192,Female,White,3,2,1.4,6,1.4,7,2,2,1,1,1,0,0,1,7,12,2.4,2.4,15,12,12,10,193,Unique,Linear,1/100 vampire lineage. ,1,40,DamageToCurrentEnemy,3,4,2974,2,70,12,,,1,1,19,69,589,591,0
69,70,Linda,194,4,Female,White,2,0,1,1,1,1,1,1,1,1,1,0,0,1,3,3,1.7,1.7,7,8,4,4,29,Elite,Linear,"After becoming famous from a Youtube home video, she needed to escape to space.",1,40,None,0,0,2904,2,60,3,,,1,1,19,70,589,591,0
70,71,Tina,195,16,Female,White,2,0,1,1,1,1,1,1,1,1,1,0,0,1,3,3,1.7,1.7,7,8,8,4,32,Common,Linear,Lover of all things space.,1,40,None,0,0,13158,2,50,6,,,1,1,19,71,589,591,0
71,72,Mary,196,4,Female,White,2,0,1,1,1,1,1,1,1,1,1,0,0,1,4,3,1.7,1.7,7,12,12,4,29,Elite,Linear,One of the kindest people you'll meet... unless you're the enemy.,1,40,None,0,0,2904,2,60,3,,,1,1,19,72,589,591,0
72,73,Candy,197,4,Female,White,2,0,1,1,1,1,1,1,1,1,1,0,0,1,3,3,1.8,1.8,8,8,8,4,29,Elite,Linear,Received the nickname 'Candy' after getting a candy cain stuck in her hair. She's never removed it...,1,40,None,0,0,2852,2,60,6,,,1,1,19,73,589,591,0
73,74,Invader,198,199,Unknown,Alien,4,6,1.9,8,1.9,8,8,8,7,2,1,0,0,1,10,18,2.7,2.6,18,20,19,15,200,Hero,EaseIn,We are the rule of galaxy,1,40,DamageToSameRoomCharacters,4,6,3013,2,90,24,,,1,1,3,74,3512,3514,0
74,75,Blingy Captain,201,202,Female,White,3,2,1.4,3,1.6,3,6,9,1,1,1,0,0,1,6,12,2.8,2.5,18,18,18,9,203,Special,Linear,Blingy Captain,1,40,DeductReload,60,420,13162,2,200,62,,,1,1,9,75,589,591,0
75,76,Bling Captain,204,205,Male,Asian,3,2,1.4,3,1.6,3,6,9,1,1,1,0,0,1,6,12,2.8,2.5,18,18,18,9,206,Special,Linear,Bling Captain,1,40,AddReload,40,55,13166,2,200,62,,,1,1,9,76,589,591,0
76,77,Roach,207,208,Male,Animal,3,0,1,1,1,1,1,1,1,1,1,0,1,1,5,4,3.1,2.8,6,6,6,5,209,Special,Linear,Roachin' tends to cause Pixel Starships to crash.,1,40,DamageToSameRoomCharacters,5,7,2887,2,100,24,,,1,1,3,77,593,592,5
77,78,Emily,210,211,Female,Asian,3,4,1.7,1,1.4,12,10,3,2,1,1,0,1,1,4,12,2.4,2.1,15,19,19,4,212,Unique,Linear,Cool Kid,1,40,DamageToRoom,2,4,2926,2,70,6,,,1,1,19,78,589,591,1
78,79,Golden Troop,213,214,Male,Robot,3,3,1.4,5,1.4,6,6,6,5,1,1,0,1,1,8,15,3.1,2.5,15,13,13,6,215,Epic,Linear,"A golden government troop! Like a regular troop, only better in every way imaginable.",1,40,HealRoomHp,2,4,2892,2,80,12,,,1,1,19,79,593,592,0
79,80,Salon Customer,216,217,Male,Asian,2,1,1.3,3,1.1,2,3,3,2,1,1,0,0,1,4,10,2.1,1.8,15,9,9,8,218,Unique,Linear,Hangs out at the local basketball court.,1,40,DamageToSameRoomCharacters,1,3,2895,2,70,9,,,1,1,3,80,589,591,4
80,81,Kingpin,219,220,Male,White,2,1,1.3,3,1.1,2,3,3,2,1,1,0,0,1,7,19,2.4,1.8,9,9,9,8,221,Epic,Linear,Making the universe great!,1,40,HealSameRoomCharacters,2,5,3343,2,80,3,,,1,1,3,81,593,592,4
81,82,Office Exec,222,223,Male,Asian,3,1,1.3,3,1.1,2,3,3,2,1,1,0,0,1,5,10,2.1,1.8,9,9,9,8,224,Unique,Linear,Has a corner office.,1,40,DamageToCurrentEnemy,3,4,3372,2,70,3,,,1,1,3,82,593,592,4
82,83,David,225,226,Male,White,2,1,1.3,3,1.1,2,3,3,2,1,1,0,0,1,5,10,2.1,1.8,9,9,9,8,227,Unique,Linear,Lives in a town house.,1,40,HealSelfHp,3,4,10136,2,70,3,,,1,1,3,83,593,592,4
83,84,Paul,228,229,Male,White,2,1,1.3,3,1.1,2,3,3,2,1,1,0,0,1,5,10,2.1,1.8,9,9,9,8,230,Unique,Linear,Goes hunting,1,40,DamageToRoom,1,3,51,2,70,3,,,1,1,3,84,593,592,4
84,85,Omar,231,232,Male,Black,2,1,1.3,3,1.1,2,3,3,2,1,1,0,0,1,5,10,2.1,1.8,9,9,9,8,233,Unique,Linear,Has poked bowls for lunch.,1,40,DamageToRoom,1,3,3371,2,70,3,,,1,1,3,85,593,592,4
85,86,Jesus,234,235,Male,White,2,1,1.3,3,1.1,2,3,3,2,1,1,0,0,1,5,10,2.1,1.8,9,9,9,8,236,Unique,Linear,Surname: Christ,1,40,AddReload,10,30,2894,2,70,24,,,1,1,3,86,593,592,4
86,87,Teddy,237,238,Male,Animal,3,0,0.7,0,1.2,3,3,0,5,1,1,0,0,1,7,4,2.8,2.4,12,12,2,6,239,Epic,Linear,Fluffy and deadly with a gun. Bad at repairing.,1,40,AddReload,20,30,2976,2,80,12,,,1,1,19,87,593,592,0
87,88,Liu Bei,240,241,Male,Asian,3,3,1.2,4,1.6,7,6,6,5,1,1,0,0,1,8,15,2.5,3,16,18,18,10,28,Epic,Linear,Likes to drink tea with his army friends.,1,40,AddReload,30,35,12023,2,80,3,,,1,1,19,88,593,592,2
88,89,Guan Yu,243,244,Male,Asian,5,0,2,6,1.8,14,12,2,2,1,1,0,0,1,11,8,3,2,24,20,8,4,246,Hero,Linear,"Long beard, loves green.",1,40,DamageToCurrentEnemy,3,8,3407,2,90,6,,,1,1,3,89,593,592,2
89,90,Zhang Fei,247,248,Male,Asian,4,1,1.5,3,1.4,9,7,2,1,1,1,0,0,1,9,3,2.9,2.2,20,19,6,6,249,Epic,Linear,Hot tempered and smelly.,1,40,DamageToRoom,2,6,12020,2,80,10,,,1,1,19,90,593,592,2
90,91,Dong Zhuo,250,251,Male,Asian,3,3,1.5,5,1.8,7,9,6,6,1,1,0,0,1,8,15,2.5,2.5,18,19,16,20,252,Epic,Linear,"Quite old, but still love young beautiful girls.",1,40,HealSameRoomCharacters,1,2,3362,2,80,24,,,1,1,19,91,593,592,2
91,92,Cao Cao,253,254,Male,Asian,4,6,1.6,5,2,9,9,12,7,1,1,0,0,1,8,19,2.5,2.6,21,21,21,16,255,Epic,Linear,Ancient Emperor. Somehow ended onboard a starship.,1,40,HealSameRoomCharacters,1,5,3365,2,80,3,,,1,1,19,92,593,592,2
92,93,Lyu Bu,256,257,Male,Asian,6,0,2,6,1,15,10,2,2,1,1,0,0,1,10,8,3,2.2,24,20,8,4,258,Hero,Linear,A powerful warrior who loves young beautiful girls,1,40,DamageToCurrentEnemy,4,8,3376,2,90,3,,,1,1,3,93,593,592,2
93,94,Zhao Yun,259,260,Male,Asian,4,1,1.5,3,1.5,10,8,2,2,1,1,0,0,1,9,3,2.8,2.6,21,20,9,7,261,Epic,Linear,Dragon warrior. Except he's just human.,1,40,DamageToSameRoomCharacters,2,4,13163,2,80,5,,,1,1,19,94,593,592,2
94,95,Zhuge Liang,262,263,Male,Asian,4,6,1.7,10,2.1,7,9,14,10,1,1,0,0,1,8,21,2.8,3.1,24,24,24,20,264,Epic,Linear,Likes board games.,1,40,HealSameRoomCharacters,2,3,3427,2,80,10,,,1,1,19,95,593,592,2
95,96,Da Qiao,265,266,Female,Asian,2,1,1,1,1.1,1,2,1,1,1,1,0,0,1,4,3,1.8,1.8,7,8,8,5,28,Elite,Linear,"A beautiful girl, sister of Xiao Qiao",1,40,None,0,0,3368,2,60,3,,,1,1,19,96,589,591,2
96,97,Xiao Qiao,268,269,Female,Asian,2,1,1,1,1.1,1,2,1,1,1,1,0,0,1,4,3,1.8,1.8,7,8,8,5,270,Elite,Linear,"A beautiful girl, younger sister of Da Qiao",1,40,None,0,0,3373,2,60,10,,,1,1,19,97,589,591,2
97,98,Easter Bunny,271,272,Female,Animal,3,0,0.8,0,1.2,3,3,0,5,1,1,0,0,1,6,4,2.5,2.4,12,12,2,6,273,Epic,Linear,"I am a bunny, Easter bunny!",1,40,DeductReload,120,360,2959,2,80,10,,,1,1,19,98,589,591,5
98,99,Mr Egggg,274,275,Male,Animal,3,0,0.8,0,1.2,3,3,0,5,1,1,0,0,1,5,4,2.6,2.8,12,12,2,6,276,Unique,Linear,My name is Mr Egggg!,1,40,DeductReload,60,300,2958,2,70,12,,,1,1,19,99,593,592,0
99,100,Giant Slime,277,278,Female,Animal,3,0,1.5,0,0.5,3,3,0,5,1,1,0,0,1,10,0,2.8,1.2,12,12,2,6,279,Epic,Linear,My friends told me that I look like a big and tasty jelly!,1,40,DamageToSameRoomCharacters,2,4,2898,2,80,24,,,1,1,19,100,593,592,0
100,101,Simon,280,281,Male,White,3,2,1.7,0,1.2,3,3,0,5,1,1,0,0,1,6,4,2.6,2.4,12,12,12,6,282,Unique,Linear,Native American Warrior,1,40,HealSelfHp,1,6,2975,2,70,6,,,1,1,19,101,593,592,0
101,102,Rocky,283,284,Male,Animal,6,0,1.8,100,0.5,0,0,0,0,1,1,0,0,1,13,0,3,1,1,2,2,1,285,Hero,Linear,Had a hard life,1,40,DamageToRoom,2,5,2850,2,90,24,,,1,1,3,102,593,592,0
102,103,Golden Boy,286,287,Male,Robot,3,4,1.5,30,1.5,6,6,8,7,1,1,0,0,1,6,12,2.2,2.5,14,14,18,10,288,Epic,Linear,"People love golden stuff such as golden cups. So yeah, I am a golden boy :)",1,40,DeductReload,120,420,2891,2,80,10,,,1,1,19,103,593,592,0
103,104,Cat Boy,289,290,Male,White,3,2,1.7,0,1.2,3,3,0,5,1,1,0,0,1,9,4,2,1.4,4,15,4,6,291,Unique,Linear,Meow. A boy dressed up like a cat,1,40,DeductReload,180,480,2924,2,70,5,,,1,1,19,104,593,592,0
104,105,Tin Man,292,293,Male,Robot,3,2,2,0,0.8,3,3,0,5,1,1,0,0,1,7,12,3,1.2,16,4,3,6,294,Epic,Linear,Turned a trash can into armour,1,40,DamageToCurrentEnemy,2,5,2900,2,80,24,,,1,1,19,105,593,592,0
105,106,Abu,295,296,Male,Black,2,0,1.5,0,0.8,2,2,4,5,1,1,0,0,1,6,0,2.1,2.1,9,9,9,6,297,Elite,Linear,Has a snake as a pet,1,40,None,0,0,2893,2,60,6,,,1,1,19,106,593,592,0
106,107,Mecha,298,299,Male,Robot,5,2,1.7,0,2,3,3,9,5,1,1,0,0,1,11,14,2.5,3.2,9,9,18,6,300,Hero,Linear,Heavily armoured engineering vehicle.,1,40,HealRoomHp,4,8,3010,2,90,24,,,1,1,3,107,595,595,0
107,108,Foxy Girl,301,302,Female,White,3,4,1.9,0,1.9,3,3,0,5,1,1,0,0,1,6,15,2.4,2.4,14,7,7,6,304,Epic,Linear,Girl who loves foxes.,1,40,HealSelfHp,4,6,2925,2,80,12,,,1,1,19,108,590,591,0
108,109,Dr Sera,305,306,Female,White,3,2,1.9,0,1.2,3,3,0,5,1,1,0,0,1,6,4,2.4,2.4,13,13,13,6,307,Epic,Linear,Dr Sera,1,40,DamageToSameRoomCharacters,2,4,2888,2,80,10,,,1,1,19,109,590,591,0
109,110,Silver Paladin,308,309,Male,Robot,4,0,1,30,2.6,13,7,14,1,1,1,1,1,1,11,22,3.3,3.1,16,12,15,4,310,Legendary,Linear,Composed of the souls of two legendary heroes.,1,40,DamageToRoom,3,6,2993,2,110,9,,,1,1,3,110,593,592,0
110,112,Ron,311,312,Male,White,3,2,1.8,1,1.5,7,7,6,1,1,1,0,1,1,9,12,2.9,2.8,16,10,12,4,313,Epic,Linear,Dribbles a soccer ball around.,1,40,DamageToCurrentEnemy,5,7,2992,2,80,10,,,1,1,19,112,593,592,0
111,113,Jaiden,314,315,Male,Black,5,0,2,6,1.7,12,10,2,2,1,1,0,0,1,11,8,3,2,21,20,8,4,316,Hero,Linear,Real dream is to explore space.,1,40,DamageToCurrentEnemy,3,7,2978,2,90,9,,,1,1,3,113,593,592,0
112,114,SCV,317,318,Female,White,5,0,2,6,1.7,12,13,10,2,1,1,0,0,1,12,8,3,2,21,24,21,4,319,Legendary,Linear,I am a machine but I know what love is! - thunder_kiss_65 (July 2016 Winner),1,40,DamageToCurrentEnemy,5,9,2956,2,110,24,,,1,1,3,114,589,591,0
113,115,Professor Brenda,320,321,Female,Asian,9,0,2,12,2,12,12,12,2,1,1,0,0,1,11,19,3.2,2.5,20,20,20,4,322,Legendary,EaseIn,"This star academy professor has an IQ of over 300, which makes it really hard for her to find a date.",1,40,DamageToSameRoomCharacters,5,7,3009,2,110,9,,,1,1,3,115,593,592,0
114,116,Paralympic God,323,324,Male,White,5,8,1.5,6,2.1,13,13,12,2,1,1,0,0,1,9,21,2.2,2,21,21,21,4,325,Legendary,Linear,Spent decades to work out the rules of the universe... then realizes it was wrong.,1,40,AddReload,30,55,2977,2,110,24,,,1,1,3,116,593,592,0
115,117,Eva,326,327,Male,Robot,7,3,2,6,1.7,12,10,2,2,1,1,0,0,1,14,8,2.8,2.5,12,12,27,4,328,Legendary,Linear,Protector of ancient qtarian artifact,1,40,HealRoomHp,3,5,3170,2,110,24,,,1,1,3,117,595,595,0
116,118,Meowy Cat,329,330,Female,Animal,3,0,2.2,1,1.2,10,8,8,7,1,1,0,1,1,7,7,3.3,2,10,10,10,9,331,Special,Linear,A stray kitten turned space assassin. Lost 2 lives already.,1,40,DamageToCurrentEnemy,7,17,3171,2,100,12,,,1,1,3,118,1270,1270,3
117,119,Squid,332,333,Male,Animal,4,0,1.5,0,1,1,1,1,1,1,1,0,1,1,14,12,2.4,2,13,14,13,5,334,Special,Linear,Used to be in a powerful warfleet. Now works at a sushi restaurant.,1,40,HealSelfHp,4,9,3172,2,100,8,,,1,1,3,119,1271,1271,5
118,120,Zombie,335,336,Male,Animal,3,0,1.5,0,0.5,0,0,0,0,1,1,0,0,1,10,0,2.8,0.9,0,0,0,0,337,Unique,Linear,Very DEADicated crew.,1,40,DamageToSameRoomCharacters,3,8,3353,2,70,9,,,1,1,19,120,1308,1308,0
119,121,Zombieee,338,339,Female,Animal,3,0,1.5,0,0.6,0,0,0,0,1,1,0,0,1,9,0,2.8,1,4,0,0,0,340,Unique,Linear,I love scary movies!,1,40,DamageToSameRoomCharacters,3,8,3354,2,70,24,,,1,1,19,121,1308,1308,0
120,122,Mummy,341,342,Male,Animal,4,0,1.5,0,1,1,2,0,0,1,1,0,1,1,12,0,2.4,2,9,12,0,0,343,Special,Linear,Strong and walks around with a roll of toilet paper.,1,40,DamageToSameRoomCharacters,3,6,3363,2,100,24,,,1,1,3,122,1308,1308,0
121,123,Helen,344,345,Female,White,2,1,1.3,1,1.1,2,3,3,2,1,1,0,1,1,5,10,2.1,1.8,9,9,9,8,346,Unique,Linear,Working as a intern at a law firm. Won the local rope skipping competition.,1,40,DamageToCurrentEnemy,2,7,2904,2,70,3,,,1,1,3,123,589,591,4
122,124,Chigs,347,348,Female,Asian,3,0,1,1,1,1,1,1,1,1,1,0,1,1,5,4,1.9,2.2,6,6,6,5,349,Elite,Linear,Skates everywhere and loves sushi.,1,40,None,0,0,3374,2,60,10,,,1,1,19,124,593,592,0
123,125,Reaper,350,351,Male,Animal,4,0,1.8,0,0.5,1,1,7,0,1,1,0,1,1,12,0,3.2,1.5,7,12,18,0,352,Legendary,Linear,Wears black religiously.,1,40,DamageToCurrentEnemy,3,11,3375,2,110,24,,,1,1,3,125,593,592,0
124,126,Willy,356,360,Male,Black,7,3,2,80,1.7,12,10,2,2,1,2,0,0,1,11,19,2.9,2.7,21,21,18,4,361,Legendary,Linear,I am Legend(ary),1,40,HealRoomHp,3,5,3389,2,110,24,,,1,1,3,126,595,595,0
125,127,Alien Queen,362,363,Female,Alien,10,3,2,70,1.7,12,12,10,2,1,1,0,0,1,12,15,2.9,2.7,15,14,15,4,364,Legendary,Linear,Where are my babies?,1,40,DamageToSameRoomCharacters,6,8,3406,2,110,12,,,1,1,3,127,1355,1355,0
126,128,Turkey Man,368,369,Male,Animal,4,0,1.5,0,1,1,1,1,1,1,1,0,1,1,9,10,2.2,2,8,21,7,5,370,Special,Linear,Works part time at KFT Marketing.,1,40,HealSameRoomCharacters,2,5,3440,2,100,24,,,1,1,3,128,1271,1271,0
127,129,Wolfy,374,375,Male,Animal,5,3,1.6,1,1,6,2,6,5,1,1,0,1,1,9,15,2.9,1.5,22,6,16,10,376,Special,EaseIn,Pastime: hanging out with best buddies at the Starbar!,1,40,DamageToRoom,3,5,3597,2,100,6,,,1,1,3,129,1422,1422,5
128,130,Dark Matter Hero,371,372,Male,White,3,4,1.5,30,1,6,6,8,7,1,1,0,0,1,10,8,3.1,1.4,14,27,10,10,373,Special,Linear,An epic hero made from dark matter!,1,40,DeductReload,120,600,3598,3,100,5,,,1,1,3,130,8,8,0
129,131,Old Driver,377,378,Male,Asian,3,8,1.8,1,2.4,2,3,4,1,1,1,0,1,1,10,25,2.6,2.9,6,6,25,4,379,Special,Linear,Knows where to go for a good time.,1,40,HealRoomHp,3,8,3599,2,100,5,,,1,1,3,131,1421,592,0
130,132,Robo Santa,380,381,Male,White,4,0,1.5,0,1,1,1,1,1,1,1,0,1,1,11,22,2.5,2.5,8,22,7,5,382,Special,Linear,I've got a present for ya.,1,40,DamageToSameRoomCharacters,2,8,3600,2,100,12,,,1,1,3,132,595,595,0
131,133,Orc,401,402,Male,Animal,3,4,1.5,30,1.5,6,6,8,7,1,1,0,0,1,8,12,2.7,2.6,20,8,14,10,403,Epic,Linear,Feeling orcish.,1,40,DamageToRoom,3,5,2957,2,50,3,,,1,1,19,133,593,592,0
132,134,Soda Delivery Guy,365,366,Male,Asian,3,8,1.8,35,2.4,2,3,4,1,1,2,0,1,1,10,22,2.6,3,6,6,24,4,367,Special,Linear,Delivers Soda and Fixes Bugs. High on Sugar so walks faster than other ppl.,1,40,AddReload,35,45,3422,3,100,6,,,1,1,3,134,593,592,1
133,135,Zakian,425,426,Male,Alien,6,8,1.5,0,1,6,6,8,7,1,1,0,0,1,10,8,3.2,1.2,14,14,14,12,427,Special,Linear,A dangerous race of assassins.,1,40,HealSelfHp,4,7,3893,2,100,12,,,1,1,3,135,1355,1355,0
134,136,Giant Chicken,428,429,Male,Animal,5,3,1.6,1,1,6,2,6,5,1,1,0,1,1,9,15,2.9,1.8,25,6,14,10,430,Special,EaseIn,Celebrate Year of the Chicken!,1,40,HealSameRoomCharacters,3,6,3895,2,100,24,,,1,1,3,136,1422,1422,5
135,137,Stevo,394,395,Male,White,3,1,1.3,3,1.1,2,3,3,2,1,1,0,0,1,9,15,2.5,1.3,4,7,22,4,396,Epic,Linear,Crikey! He has a pet crocodile.,1,40,DamageToSameRoomCharacters,3,6,3909,2,80,12,,,1,1,19,137,593,592,0
136,138,Dark Matter Legend,438,439,Male,White,3,4,1.5,30,1.1,6,6,8,7,1,1,0,0,1,10,8,3.2,1.4,14,27,10,10,440,Special,Linear,A dark hero has evolved to become a legend.,1,40,DeductReload,120,610,3940,2,100,5,,,1,1,3,138,8,8,0
137,139,Transport Driver,435,436,Male,Asian,3,8,1.8,1,2.4,2,3,4,1,1,1,0,1,1,10,25,2.8,3,6,6,26,4,437,Special,Linear,"Part time driver, part time assassin.",1,40,HealRoomHp,3,9,3927,2,100,5,,,1,1,3,139,1421,592,0
138,140,Phoenix,441,442,Female,Animal,5,3,1.6,100,1,6,2,6,5,1,1,0,1,1,10,15,2.6,1.1,22,8,10,10,443,Special,EaseIn,A squid one day made love to a wolf. The result was surprising.,1,40,HealSameRoomCharacters,3,6,3953,2,100,24,,,1,1,3,140,1422,1422,5
139,141,Dark Matter Mechi,447,448,Male,White,3,4,1.5,50,1.1,6,6,8,7,1,1,0,0,1,11,8,3.2,1.5,14,27,12,10,449,Special,Linear,A Mechi powered by dark matter.,1,40,DeductReload,500,620,4145,2,100,6,,,1,1,3,141,8,8,0
140,142,Mr Blue,450,451,Male,White,1,8,2,1,2,2,3,4,1,1,1,0,1,1,2,24,3.3,3.3,24,24,24,20,452,Special,Linear,"I'm Mr Blue look at me! I'm happy to help, just don't keep me around too long...",1,40,HealRoomHp,3,9,4146,2,100,5,,,1,1,3,142,594,592,0
141,143,D.R.A.G.O.N,444,445,Male,Animal,5,3,1.6,100,1,6,2,6,5,1,1,0,1,1,11,20,2.7,1.1,8,8,22,10,446,Special,EaseIn,A mystical creature with scaly skin.,1,40,DamageToSameRoomCharacters,3,7,4144,2,100,6,,,1,1,3,143,1422,1422,0
142,144,Sie,391,392,Female,White,3,2,1.3,1,1.4,3,4,2,3,1,1,0,0,1,7,10,2.7,1.5,10,21,4,9,393,Epic,Linear,Loved by all the engineers.,1,40,HealSameRoomCharacters,2,4,3631,2,80,12,,,1,1,19,144,589,591,0
143,145,Bogan,453,454,Male,White,4,3,1.5,0,1,1,1,1,1,1,1,0,1,1,10,13,3,2.2,24,14,14,5,455,Hero,Linear,Drank beer until DNA mutated. Developed regeneration ability.,1,40,HealSelfHp,4,6,4176,2,90,6,,,1,1,3,145,594,592,0
144,146,Saint Patrick,462,463,Male,White,3,4,1,0,1,6,6,8,7,1,1,0,0,1,8,9,1.8,1.4,13,25,11,10,464,Special,Linear,Once a beer loving saint. Now reborn as a Starship Medic.,1,40,HealSameRoomCharacters,5,7,4299,2,100,6,,,1,1,3,146,8,8,0
145,147,King Dong,459,460,Male,Animal,5,3,1.6,20,1,6,2,6,5,1,1,0,1,1,14,9,2.9,1.6,10,9,9,10,461,Legendary,EaseIn,"Favourite Food: Banana, Favourite Toy: Barbie",1,40,HealSelfHp,3,10,4298,2,110,24,,,1,1,3,147,1422,1422,5
146,148,Taura,465,466,Male,Animal,5,1,1.9,1,1.9,12,4,3,1,1,1,1,1,1,12,4,2.9,2.2,22,9,15,4,467,Hero,EaseIn,A Mystical Beast Hero that frequently appears in the months of April to May.,1,40,DamageToSameRoomCharacters,3,7,4404,2,90,24,,,1,1,3,148,1621,1623,9
147,149,D.R.A.K.E,474,475,Male,Animal,5,3,1.6,100,1,6,2,6,5,1,1,0,1,1,11,21,2.8,1.2,8,8,23,10,476,Special,EaseIn,"Dragon's older bro... more handsome, smarter, but older...",1,40,DamageToSameRoomCharacters,3,7,4405,2,100,12,,,1,1,3,149,1422,1422,0
148,150,Bad Uncle,471,472,Male,Robot,3,2,1.4,1,1.5,6,3,3,5,1,1,0,0,1,9,3,2.5,2.8,14,20,10,10,473,Epic,Linear,First generation synthetic human. Spends as long to style hair as real human.,1,40,DeductReload,240,580,4409,2,80,6,,,1,1,19,150,594,595,0
149,151,Maya,468,469,Female,Robot,4,7,1.8,1,1.8,9,9,10,1,1,1,0,1,1,10,12,2.9,2.4,16,21,12,10,470,Hero,Linear,"Machina Project. Second Generation Synthetic Human. Loves and Cries, like a real Human.",1,40,AddReload,40,50,4408,2,90,6,,,1,1,3,151,590,595,0
150,152,Huntress,477,478,Female,Animal,3,3,1.6,30,1.5,10,2,2,5,1,1,0,0,1,10,10,2.9,1.8,12,17,13,9,479,Hero,Linear,Forever hunting for a selfie with Doge. - Blacksteed Tournament 11,1,40,DamageToSameRoomCharacters,1,7,4422,2,90,9,,,1,1,3,152,589,1420,0
151,153,Dr Dong,490,491,Male,Asian,8,8,1.5,1,1.5,2,3,4,1,1,1,0,1,1,14,14,2,1.5,14,12,12,25,492,Special,Linear,Doctor trying to get home. Has a 10% chance to be randomly selected for voluntary re-accomodation in each PVP departure.,1,40,HealSelfHp,8,14,4549,2,100,6,,,1,1,3,153,1421,1647,0
152,154,Agay,493,494,Male,Asian,3,0,1.9,1,1.9,12,13,6,1,1,1,1,1,1,7,12,3,3.1,21,18,9,19,495,Epic,EaseIn,Carry's around a blowdryer and more handsome than most guys...,1,40,AddReload,35,45,4816,2,80,6,,,1,1,19,154,589,592,0
153,155,Bio Android,496,497,Male,Robot,8,0,1.5,1,0,0,0,0,0,1,1,0,1,1,14,0,2.5,0,0,0,0,0,507,Special,Linear,Developed underwater. A powerful offensive droid.,1,40,DamageToSameRoomCharacters,3,5,4635,1,0,0,,,1,1,0,155,595,595,0
154,156,Ryzen,498,499,Male,White,3,4,1.5,50,1.1,6,6,8,7,1,1,0,0,1,11,8,3,1.5,12,25,12,10,500,Hero,Linear,"Half man, Half god, Half Machine... does not compute...",1,40,DamageToCurrentEnemy,7,10,4634,2,90,6,,,1,1,3,156,8,8,0
155,157,Mama,504,505,Female,Asian,2,1,1.3,1,1.1,2,3,3,2,1,1,0,1,1,6,10,2.3,1.8,9,9,13,8,506,Unique,Linear,"Cooks, cleans, shops up aliens..",1,40,DamageToCurrentEnemy,3,7,4732,2,70,12,,,1,1,19,157,589,591,0
156,158,Froggy,501,502,Male,Animal,5,8,2,0,1.5,2,3,4,1,1,1,0,1,1,10,10,2.9,1.9,20,15,13,20,503,Special,Linear,"He's mean, he's green, he's a Frog... and best buds with Squid.",1,40,DamageToSameRoomCharacters,3,7,4817,2,100,6,,,1,1,3,158,1735,1735,5
157,159,Geeky Vincent,508,509,Male,Asian,3,8,1.8,1,2.1,9,12,4,1,1,1,0,1,1,8,18,2.2,3,18,17,21,4,510,Epic,Linear,"Galaxy tabletop game champion and android fanboy. For some reason, everyone blames him for all their problems.",1,40,HealRoomHp,4,9,4818,2,80,6,,,1,1,19,159,593,592,1
158,160,Le Vincent,513,514,Male,Asian,3,8,1.8,1,2.1,9,12,4,1,1,1,0,1,1,8,18,2.5,2.9,19,17,22,4,515,Epic,Linear,"By putting on new galaxy sunnies, an android boy is now sexy.",1,40,HealRoomHp,5,8,4827,2,80,6,,,1,1,19,160,593,592,1
159,161,Alpaco,518,519,Male,Animal,3,0,2.2,1,1.2,10,8,8,7,1,1,0,1,1,9,9,3.3,1.5,25,10,10,9,520,Hero,Linear,One day a sheep slept with a giraffe... A super cute creature was born.,1,40,HealSameRoomCharacters,3,6,4951,2,90,24,,,1,1,3,161,1806,1808,5
160,162,Draconian Mecha,521,522,Female,Animal,7,8,2.1,50,2.1,9,12,4,1,1,1,0,1,1,11,23,3.3,1.9,16,17,25,4,523,Special,Linear,The latest from D.R.A.G.O.N Engineering. A augmented dragon soldier with exceptional combat stats.,1,40,DamageToSameRoomCharacters,5,7,4965,2,100,6,,,1,1,3,162,1422,1422,0
161,163,Tiffany,524,525,Female,White,3,2,1.3,1,1.4,3,4,7,3,1,1,0,0,1,6,10,2.5,2.5,10,19,10,9,526,Unique,Linear,Always cheerful and first to respond to those in need.,1,40,HealRoomHp,3,4,4978,2,70,12,,,1,1,19,163,589,591,1
162,164,Angry Squid,527,528,Male,Animal,4,0,1.5,0,1,1,1,1,1,1,1,0,1,1,14,12,2.4,2,13,14,13,5,529,Special,Linear,Squid's brother had a fight at the local pub. Now attending anger management.,1,40,DamageToCurrentEnemy,4,11,5045,2,100,8,,,1,1,3,164,1271,1271,5
163,165,Hydra,530,531,Male,Animal,5,3,1.6,100,1,6,2,6,5,1,1,0,1,1,10,15,2.6,1.1,22,8,10,10,532,Special,EaseIn,Hail Hydra.,1,40,Freeze,150,270,5044,2,100,24,,,1,1,3,165,1422,1422,0
164,166,Service Droid I,546,547,Female,Robot,2,0,0.5,30,1,0,0,0,0,1,1,0,0,1,2,0,0.5,1,0,0,0,0,548,Common,Linear,A humble droid ready to serve its wise master.,1,40,HealSameRoomCharacters,1,1,5372,1,0,0,,,1,1,16,166,595,595,0
165,167,Ribi,561,562,Female,Black,3,2,1.3,1,1.4,3,4,7,3,1,1,0,0,1,6,10,2.6,2.1,19,10,10,9,563,Unique,Linear,"Has an umbrella, ella, ellaaa",1,40,SetFire,120,200,5366,2,70,12,,,1,1,19,167,589,591,0
166,168,Service Droid II,570,571,Female,Robot,3,0,0.5,40,1.2,0,0,0,0,1,2,0,0,1,3,0,0.5,1.2,0,0,0,0,572,Common,Linear,A humble droid ready to serve its wise master.,1,40,HealSameRoomCharacters,2,2,5372,2,0,0,,,1,1,16,168,595,595,0
167,169,Service Droid III,576,577,Female,Robot,4,0,0.5,50,1.5,0,0,0,0,1,2,0,0,1,4,0,0.5,1.5,0,0,0,0,578,Common,Linear,A humble droid ready to serve its wise master.,1,40,HealSameRoomCharacters,3,3,5372,2,0,0,,,1,1,16,169,595,595,0
168,170,Service Droid IV,579,580,Female,Robot,5,0,0.5,60,1.8,0,0,0,0,1,2,0,0,1,5,0,0.5,1.8,0,0,0,0,581,Common,Linear,A humble droid ready to serve its wise master.,1,40,HealSameRoomCharacters,4,4,5372,2,0,0,,,1,1,16,170,595,595,0
169,171,Service Droid V,582,583,Female,Robot,6,0,0.5,75,2,0,0,0,0,1,3,0,0,1,6,0,0.5,2,0,0,0,0,584,Common,Linear,A humble droid ready to serve its wise master.,1,40,HealSameRoomCharacters,5,5,5506,3,0,0,,,1,1,16,171,595,595,0
170,172,Defender Droid I,552,553,Male,Robot,8,0,1.5,25,0.5,0,0,0,0,1,1,0,0,1,8,0,1.5,0.5,0,0,0,0,554,Common,Linear,A heavy defender droid ready to stop intruders.,1,40,DamageToCurrentEnemy,3,3,5374,1,0,0,,,1,1,16,172,595,595,0
171,173,Defender Droid II,573,574,Male,Robot,9,0,1.8,35,0.5,0,0,0,0,1,2,0,0,1,9,0,1.8,0.5,0,0,0,0,575,Common,Linear,A heavy defender droid ready to stop intruders.,1,40,DamageToCurrentEnemy,3,3,5374,2,0,0,,,1,1,16,173,595,595,0
172,174,Defender Droid III,591,592,Male,Robot,10,0,2,40,0.5,0,0,0,0,1,2,0,0,1,10,0,2,0.5,0,0,0,0,593,Common,Linear,A heavy defender droid ready to stop intruders.,1,40,DamageToCurrentEnemy,4,4,5374,2,0,0,,,1,1,16,174,595,595,0
173,175,Defender Droid IV,594,595,Male,Robot,12,0,2.3,45,0.5,0,0,0,0,1,2,0,0,1,12,0,2.3,0.5,0,0,0,0,596,Common,Linear,A heavy defender droid ready to stop intruders.,1,40,DamageToCurrentEnemy,4,4,5374,2,0,0,,,1,1,16,175,595,595,0
174,176,Defender Droid V,496,497,Male,Robot,14,0,2.5,50,0.5,0,0,0,0,1,3,0,0,1,14,0,2.5,0.5,0,0,0,0,507,Common,Linear,A heavy defender droid ready to stop intruders.,1,40,DamageToCurrentEnemy,5,5,4635,3,0,0,,,1,1,16,176,595,595,0
175,177,Boarder Droid I,550,549,Male,Robot,6,0,2,25,0,0,0,0,0,1,1,0,0,1,6,0,2,0,0,0,0,0,551,Common,Linear,An aggressive droid looking to cause havoc.,1,40,DamageToRoom,3,3,5373,1,0,0,,,1,1,16,177,595,595,0
176,178,Boarder Droid II,567,568,Male,Robot,7,0,2.3,35,0,0,0,0,0,1,2,0,0,1,7,0,2.3,0,0,0,0,0,569,Common,Linear,An aggressive droid looking to cause havoc.,1,40,DamageToRoom,3,3,5373,2,0,0,,,1,1,16,178,595,595,0
177,179,Boarder Droid III,585,586,Male,Robot,8,0,2.5,40,0,0,0,0,0,1,2,0,0,1,8,0,2.5,0,0,0,0,0,587,Common,Linear,An aggressive droid looking to cause havoc.,1,40,DamageToRoom,4,4,5373,2,0,0,,,1,1,16,179,595,595,0
178,180,Boarder Droid IV,588,589,Male,Robot,9,0,3,45,0,0,0,0,0,1,2,0,0,1,9,0,3,0,0,0,0,0,590,Common,Linear,An aggressive droid looking to cause havoc.,1,40,DamageToRoom,4,4,5373,2,0,0,,,1,1,16,180,595,595,0
179,181,Boarder Droid V,543,544,Male,Robot,10,0,3.5,50,0,0,0,0,0,1,3,0,0,1,10,0,3.5,0,0,0,0,0,545,Common,Linear,An aggressive droid looking to cause havoc.,1,40,DamageToRoom,5,5,5243,3,0,0,,,1,1,16,181,595,595,0
180,182,King Salamander,558,559,Male,White,3,1,1.3,3,1.1,2,3,3,2,1,1,0,0,1,7,9,2.3,1.9,16,9,9,8,560,Unique,Linear,"Has a gold car, watch, castle, ship.",1,40,DamageToSameRoomCharacters,2,5,5368,2,70,3,,,1,1,19,182,593,592,0
181,183,Captain Mack Swallow,564,565,Male,White,3,2,1.7,0,1.2,3,3,0,5,1,1,0,0,1,9,18,2.2,1.4,4,6,4,6,566,Unique,Linear,A Pirate Captain turned Starship Captain.,1,40,DeductReload,180,480,12333,2,70,5,,,1,1,19,183,593,592,0
182,184,Zakian Assassin,597,598,Male,Alien,6,8,1.5,0,1,6,6,8,7,1,1,0,0,1,11,8,3.2,1,14,15,14,12,599,Special,Linear,A specialised Zakian Assassin. Only 130 deployed in the galaxy.,1,40,DamageToCurrentEnemy,4,10,5604,2,100,12,,,1,1,3,184,1355,1355,0
183,185,Mcdonalds,600,601,Male,White,3,2,1.4,1,1.5,6,3,3,5,1,1,0,0,1,9,3,2.8,2,14,15,20,10,602,Epic,Linear,A plumber turned professional boxer decided to try life onboard a Starship.,1,40,DamageToCurrentEnemy,8,11,5632,2,80,12,,,1,1,19,185,594,592,0
184,186,Stove Tops,606,607,Male,White,3,1,1.3,3,1.1,2,3,3,2,1,1,0,0,1,9,15,2.8,1.3,4,7,23,4,608,Epic,Linear,Was CEO of a popular fruit company. ,1,40,AddReload,30,40,5692,2,80,12,,,1,1,19,186,593,592,0
185,187,Ethan,603,604,Male,Asian,4,7,1.8,1,1.8,9,9,15,1,1,1,0,1,1,10,18,2.7,2.7,15,18,24,10,605,Hero,Linear,Always walking around with an iPad.,1,40,AddReload,40,50,5645,2,90,3,,,1,1,1,187,593,592,0
186,188,Brenda Linuxer,612,56,Male,Robot,5,0,1.9,1,1.9,12,13,15,1,1,1,1,1,1,12,12,3,3.1,21,18,21,4,57,Hero,EaseIn,A crazy robot developer put himself into a linux-base robot body,1,40,DamageToRoom,3,6,2897,2,90,5,,,1,1,1,188,593,592,0
187,189,Huge Hellaloya,625,626,Male,White,3,2,1.4,3,1,3,6,9,1,1,1,0,0,1,7,18,2.8,1.2,18,18,18,9,627,Epic,Linear,Once partied with a thousand cute cadets; now hangs around Starship staff quarters.,1,40,AddReload,40,50,6855,2,100,10,,,1,1,19,189,593,592,0
188,190,Dolores,555,556,Female,Robot,6,7,2,50,1.8,9,9,10,1,1,2,0,1,1,13,25,3,2.5,15,25,15,10,557,Special,Linear,A female tutorial synth. Reminds you of days back at the academy.,1,40,Freeze,100,300,5387,3,100,0,,,1,1,3,190,590,595,0
189,191,Robyna Hoots,613,614,Female,White,4,1,1.5,1,1.1,1,2,1,1,1,1,0,0,1,8,3,2.7,1.8,20,8,8,5,615,Unique,Linear,Good with a arrow like her older brother.,1,40,DeductReload,350,500,6869,2,70,10,,,1,1,19,191,589,591,0
190,192,Keira,622,623,Female,Asian,3,2,1.9,0,1.2,3,3,0,5,1,1,0,0,1,7,23,2.4,2.4,13,13,13,6,624,Epic,Linear,Graduated from the Pilot academy with top grades. A quiet girl with talent.,1,40,HealRoomHp,5,7,6870,2,80,10,,,1,1,19,192,590,591,0
191,193,Masky Lia,619,620,Female,Robot,4,7,1.5,30,1.8,9,9,10,1,1,1,0,1,1,7,11,2.7,2.5,10,22,10,10,621,Epic,Linear,Worked at the galaxy science labs until an unfortunate accident requiring a permanent operation.,1,40,DeductReload,300,500,6871,2,80,6,,,1,1,19,193,590,595,0
192,194,Red Ninja,628,629,Female,White,3,3,1.6,50,1.3,8,6,6,5,1,1,0,0,1,7,15,2.4,1.6,19,13,11,13,630,Unique,Linear,"Red Ninja, Yellow Ninja, White Ninja, Black Ninja... Still Ninja",1,40,SetFire,150,210,6872,2,70,6,,,1,1,19,194,589,591,0
193,195,Admiral Serena,616,617,Female,Black,4,6,2.1,5,1.4,12,12,6,5,1,1,0,0,1,11,18,3.2,2.2,22,16,10,17,618,Hero,Linear,"After retiring from athletics life, decided to join the academy and beat all the boys in class.",1,40,DamageToCurrentEnemy,4,10,6856,2,90,24,,,1,1,3,195,589,591,0
194,196,Pinkzilla,637,638,Female,Animal,5,3,1.6,100,1,6,2,6,5,1,1,0,1,1,12,9,2.5,1.4,10,9,9,10,639,Legendary,EaseIn,Godzilla's baby sister. Cute and deadly with fire. ,1,40,FireWalk,35,40,6873,2,110,24,,,1,1,3,196,1422,591,0
195,197,Miss Jane,631,632,Female,White,4,7,1.8,100,1.8,9,9,10,1,1,1,0,1,1,9,12,2.3,2,18,18,18,10,633,Hero,Linear,Top of her class during special ops training. Has a mutated gene capable of igniting fire to her surrounds.,1,40,FireWalk,30,40,6886,2,90,6,,,1,1,3,197,590,595,0
196,198,Cammy,634,635,Female,White,2,0,1,1,1,1,1,1,1,1,1,0,0,1,4,3,2,1.7,7,9,4,4,636,Elite,Linear,Retired from MMA training and joined the Starship Academy.,1,40,None,0,0,6899,2,60,3,,,1,1,19,198,589,591,0
197,199,Mr Horse,670,671,Male,Animal,3,0,2.2,1,1.2,10,8,8,7,1,1,0,1,1,10,13,2.9,1.5,17,18,15,9,672,Special,Linear,Has a long face. Plays with fire in spare time.,1,40,SetFire,200,300,7266,3,100,24,,,1,1,3,199,3249,592,5
198,200,Mini Droid I,676,677,Female,Robot,2,0,0.5,50,0.5,0,0,0,0,1,2,0,0,1,2,0,0.5,0.5,0,0,0,0,678,Common,Linear,A smaller droid that tries to do everything but isn't particularly good at anything.,1,40,DamageToCurrentEnemy,2,2,7342,2,0,0,,,1,1,16,200,595,595,0
199,201,Mini Droid II,679,680,Female,Robot,3,0,0.6,50,0.6,0,0,0,0,1,2,0,0,1,3,0,0.6,0.6,0,0,0,0,681,Common,Linear,A smaller droid that tries to do everything but isn't particularly good at anything.,1,40,DamageToCurrentEnemy,3,3,7342,2,0,0,,,1,1,16,200,595,595,0
200,203,Santa's Helpstress,684,686,Female,White,3,2,1.3,1,1.4,3,4,2,3,1,2,0,0,1,7,10,2.2,2.7,21,16,4,9,687,Special,Linear,Busy busy; a super fast worker. Helps Santa with gift packaging and keeps workshops nice and clean.,1,40,HealSameRoomCharacters,2,4,7441,3,100,12,,,1,1,3,203,589,591,0
201,204,Santa's Helper,683,685,Male,White,3,8,1.9,1,2.6,9,12,4,1,1,2,0,1,1,8,10,2.5,2.9,14,13,19,4,687,Special,Linear,Work work. Helps Santa run errands and wears a nice green hat. Probably being cheated on by girlfriend.,1,40,AddReload,30,40,7440,3,100,6,,,1,1,3,204,593,592,0
202,205,Nolan,709,710,Male,Asian,3,4,1.5,0,1,7,2,1,2,1,1,1,1,1,6,12,3,1.5,15,12,3,4,711,Unique,Linear,A cute crybaby with unusually high attack.. for a baby.,1,40,DamageToRoom,2,5,7628,2,70,3,,,1,1,19,205,3376,3376,0
203,206,Sagita,703,704,Male,Animal,5,1,1.9,1,1.9,11,4,3,1,1,2,1,1,1,10,4,3.3,2.2,13,22,15,4,705,Hero,EaseIn,Has 4 legs so runs twice as fast. Frequently appears in the months of November to December.,1,40,DamageToCurrentEnemy,5,9,8392,3,90,9,,,1,1,3,206,3249,592,9
204,207,Tripod,706,707,Male,Animal,5,1,1.9,1,1.9,11,4,3,1,1,2,1,1,1,8,4,3,2.2,12,20,15,4,708,Epic,EaseIn,"Tall, Strong, and broke.",1,40,DamageToCurrentEnemy,4,8,7600,3,80,9,,,1,1,19,207,3249,592,0
205,208,Mr She,697,698,Female,White,3,2,1.3,1,1.4,3,4,2,3,1,1,0,0,1,8,10,2.5,1.5,10,22,4,9,699,Epic,Linear,Nobody knows who she is...yet.,1,40,AddReload,35,45,7547,2,80,12,,,1,1,19,208,589,591,0
206,209,Whaler,719,720,Male,Animal,5,0,1.5,0,1,1,1,1,1,1,1,0,1,1,13,12,2.6,2.2,13,19,13,5,721,Special,Linear,Bit of a hipster. Only wears designer stuff.,1,40,DamageToSameRoomCharacters,3,7,7724,2,100,8,,,1,1,3,209,1271,3417,5
207,210,Mr Old,688,689,Male,White,3,2,1.3,1,1.4,3,4,2,3,1,1,0,0,1,8,10,2.5,1.5,10,7,23,9,690,Epic,Linear,Nobody really knows who this old guy is...,1,40,AddReload,35,45,7494,2,80,12,,,1,1,19,210,3427,3429,0
208,211,Mr Alan,691,692,Male,White,3,1,1.3,3,1.1,2,3,3,2,1,1,0,0,1,9,11,2.8,1.3,23,7,12,4,693,Epic,Linear,Always going places.,1,40,AddReload,30,40,7521,2,80,12,,,1,1,19,211,593,592,0
209,212,Mr Cray,694,695,Male,White,3,1,1.3,3,1.1,2,3,3,2,1,1,0,0,1,9,11,2.9,1.3,11,7,21,4,696,Epic,Linear,A young angry man always playing with a screwdriver.,1,40,DamageToCurrentEnemy,4,8,7534,2,80,12,,,1,1,19,212,593,592,0
210,213,Leon Mars,735,736,Male,White,3,1,1.3,3,1.1,2,3,3,2,1,1,0,0,1,9,15,2.3,2.8,15,25,24,4,737,Hero,Linear,Wants to ship his car to Mars.,1,40,AddReload,35,50,7780,2,90,12,,,1,1,3,213,593,592,0
211,214,Mini Droid III,745,746,Female,Robot,4,0,0.7,50,0.7,0,0,0,0,1,2,0,0,1,4,0,0.7,0.7,0,0,0,0,747,Common,Linear,A smaller droid that tries to do everything but isn't particularly good at anything.,1,40,DamageToCurrentEnemy,3,3,7342,2,0,0,,,1,1,16,200,595,595,0
212,215,Aaron,741,742,Male,White,3,8,1.6,1,1.4,9,12,4,1,1,1,0,1,1,8,20,2.8,2.4,21,13,14,4,743,Epic,Linear,Always holding a cup of coffee.,1,40,HealRoomHp,5,8,7846,2,80,6,,,1,1,19,215,593,592,1
213,216,KS Gray,738,739,Male,Alien,3,3,1.6,5,1.6,6,6,6,5,1,1,0,0,1,8,14,2.7,2.7,12,14,18,4,740,Special,Linear,Loading...,1,40,DeductReload,240,600,7809,2,100,10,,,1,1,3,30,3512,3514,13
214,217,Sparko,640,641,Male,White,1,8,2,1,2,2,3,4,1,1,1,0,1,1,9,14,2.6,3,15,26,18,20,642,Special,Linear,You can tell he is an alien from looking at his ears.,1,40,HealSameRoomCharacters,3,8,7795,2,100,5,,,1,1,3,217,594,592,0
215,218,Visiri Alchemist,729,730,Female,Alien,3,4,1.5,1,1,7,4,4,1,1,1,0,1,1,10,12,2.5,2,9,26,8,4,731,Hero,EaseOut,"Studying the histories and technologies of species long past, ever present, and yet to come.",1,40,Freeze,100,240,7779,2,90,24,,,1,1,3,218,3512,1420,14
216,219,Faerie Dragon,749,750,Female,Animal,4,0,1.5,0,1,1,1,1,1,1,1,0,1,1,10,12,2.9,2,13,27,13,5,751,Special,Linear,"A Beautiful, Mystical creature with healing powers.",1,40,HealSameRoomCharacters,2,7,7911,2,100,24,,,1,1,3,219,3543,3543,0
217,220,Lionheart,761,760,Male,Animal,5,3,1.6,35,1,6,2,6,5,1,1,0,1,1,10,20,3.1,1.4,17,6,13,10,762,Special,EaseIn,Born to be a king.,1,40,SetFire,100,330,7912,2,100,12,,,1,1,3,220,1422,1422,0
218,221,Franky,757,758,Male,Animal,3,0,2.2,1,1.2,10,3,8,7,1,1,0,1,1,10,13,3,1.3,12,6,11,9,759,Special,Linear,Made a prison break from a bread roll.,1,40,SetFire,200,300,7938,3,100,24,,,1,1,3,221,3249,592,0
219,222,Tin Robot,766,767,Male,Robot,3,4,1.5,1,1,7,4,4,1,1,1,0,1,1,7,12,2.7,2.8,14,14,14,4,768,Special,EaseOut,R..o..b....o.........to,1,40,DeductReload,240,480,8000,2,100,10,,,1,1,3,17,595,595,0
220,223,P.A.N.D.A,773,774,Male,Animal,5,3,1.6,0,1,6,2,6,5,1,1,0,1,1,11,23,3.2,1.7,8,8,25,10,775,Special,EaseIn,A Panda Scholar with some Kung Fu skills.,1,40,DamageToSameRoomCharacters,3,7,8058,2,100,12,,,1,1,3,223,1422,1422,5
221,224,Alien McAlienface,713,714,Male,Alien,3,2,1.3,1,0.5,6,3,3,1,1,2,0,1,1,7,10,2.7,0.9,19,8,15,4,715,Unique,Linear,Ugly as a bug and not very smart. But still handles weapons well.,1,40,AddReload,13,33,7688,3,70,24,,,1,1,19,224,3512,3514,0
222,225,Miss McAlienface,716,717,Female,Alien,3,2,1.3,1,0.5,6,3,3,1,1,2,0,1,1,7,10,2.5,1.1,19,8,15,4,718,Unique,Linear,Ugly as a bug and not very smart. But still handles weapons well.,1,40,AddReload,13,33,7688,3,70,24,,,1,1,19,225,3512,3514,0
223,226,Daft Kittus,791,792,Female,Animal,3,0,2.2,1,1.2,9,8,8,7,1,1,0,1,1,9,7,3.1,2,9,9,9,9,793,Special,Linear,Meowy has turned to the Dark Side and gained 2 more Lives. He also finds your lack of catnip disturbing.,1,40,DamageToCurrentEnemy,7,17,8155,2,100,24,,,1,1,3,226,3624,1270,3
224,227,King Ellie,785,786,Male,Animal,6,0,1.8,100,0.5,0,0,0,0,1,1,0,0,1,14,0,3,1,1,2,2,1,787,Special,Linear,"Not Fat, Just big boned.",1,40,DamageToRoom,3,6,8154,2,100,24,,,1,1,3,227,3657,592,5
225,228,Barot,779,780,Male,White,3,1,1.3,3,1.1,2,3,3,2,1,1,0,0,1,9,9,2.8,1.3,4,7,9,4,781,Epic,Linear,Learning the culture of the Galaxy.,1,40,SetFire,200,250,8092,2,80,12,,,1,1,19,228,593,592,0
226,229,Maizi,799,800,Male,Asian,4,7,1.8,1,1.2,9,9,15,1,1,1,0,1,1,11,12,3,1.5,12,13,16,10,801,Special,Linear,3 Time Tournament Winner as of April 2018!,1,40,DeductReload,350,620,8290,2,100,24,,,1,1,5,229,593,592,0
227,230,Sphinx,788,789,Female,Animal,6,0,1.5,100,0.5,9,4,8,7,1,1,0,1,1,11,9,2.4,1,9,7,9,9,790,Special,Linear,Ancient Meowy statue from a long lost civilization.,1,40,FireWalk,30,35,8153,2,100,24,,,1,1,3,230,1270,1270,3
228,231,Messiah,776,777,Male,White,3,0,1,1,1,9,8,8,7,1,1,0,1,1,5,7,2.2,1.5,9,15,9,9,778,Unique,Linear,Goes on fishing trips with Jesus.,1,40,HealSameRoomCharacters,3,5,8091,2,70,3,,,1,1,19,231,593,592,0
229,232,Private Brian,802,803,Male,White,2,0,1,1,1,2,3,1,1,1,1,1,1,1,5,3,2.4,1.8,8,2,8,8,804,Elite,Linear,Many have died trying to save him.,1,40,None,0,0,8408,2,60,6,,,1,1,19,232,593,592,0
230,233,Cathulhu,782,783,Male,Animal,3,0,2.2,1,1.2,6,8,8,7,1,1,0,1,1,9,7,2.8,1.5,8,10,10,9,784,Special,Linear,A lonely kitten was attacked by an Octopus.,1,40,DamageToSameRoomCharacters,4,7,8117,2,100,12,,,1,1,3,233,1270,1270,3
231,234,Polar Bear,770,771,Male,Animal,5,3,1.6,0,1,6,2,6,5,1,1,0,1,1,10,23,2.9,1.9,23,8,11,10,772,Special,EaseIn,Had planned on becoming a professional boxer. But couldn't find fitting gloves.,1,40,Freeze,130,280,8059,2,100,12,,,1,1,3,234,1422,1422,5
232,235,Drakian,838,839,Male,Alien,6,8,1.5,0,1,6,6,8,7,1,1,0,0,1,11,9,3.2,1.1,14,16,14,12,840,Special,Linear,A D.R.A.G.O.N soldier upgraded with Zakian Armor.,1,40,HealSelfHp,5,8,8556,2,100,12,,,1,1,7,235,1355,1355,0
233,236,Drakian Clone,838,839,Male,Alien,6,8,1.5,0,1,6,6,8,7,1,1,0,0,1,11,9,3.2,1.1,14,16,14,12,840,Special,Linear,A D.R.A.G.O.N soldier upgraded with Zakian Armor.,1,40,HealSelfHp,5,8,8556,2,100,12,,,1,1,3,235,1355,1355,0
234,237,Fed Laura,907,878,Female,Asian,2,0,1.1,1,1,1,1,1,1,1,1,0,0,1,6,18,2.1,1.7,3,5,4,4,882,Special,Linear,"A Starship Captain that never backs down from a fight! She takes to the front lines, boarding enemy ships and defending her crew in close quarters combat!",1,40,HealSameRoomCharacters,3,5,9296,2,200,62,,,1,1,9,1,589,591,7
235,238,Fed Lisa,911,890,Female,White,2,0,1,1,1,1,1,1.1,1,1,1,0,0,1,6,18,1.9,1.7,3,5,5,4,882,Special,Linear,"This Starship Captain moves with grace, and so does her ship. As long as she is in the engine room, her ship dances out of reach of many enemy missiles.",1,40,HealSameRoomCharacters,3,5,9300,2,200,62,,,1,1,9,2,589,591,7
236,239,Fed Michelle,909,884,Female,Black,2,0,1,1,1.1,1,1,1,1,1,1,0,0,1,6,18,1.9,1.9,3,5,4,4,882,Special,Linear,Hardy Starship Captain and wonder with a wrench. She will keep her ship fighting through the toughest of battles.,1,40,HealSameRoomCharacters,3,5,9299,2,200,62,,,1,1,9,3,589,591,7
237,240,Fed Bobby,906,875,Male,Asian,2,0,1,1,1,1.1,1,1,1,1,1,0,0,1,6,18,1.9,1.7,4,5,4,4,882,Special,Linear,Passed the gunnery course at the academy with unprecedented scores! This Starship Captain prefers commanding from the weapons deck to standing on the bridge.,1,40,HealSameRoomCharacters,3,5,9295,2,200,62,,,1,1,9,4,593,592,7
238,241,Fed Peter,910,887,Male,White,2,0,1,1,1,1,1.1,1,1,1,1,0,0,1,6,18,1.9,1.7,3,6,4,4,882,Special,Linear,This Starship Captain excels in the field of science. He is adept at using his ship's tech systems to gain an advantage in battle.,1,40,HealSameRoomCharacters,3,5,9301,2,200,62,,,1,1,9,5,593,592,7
239,242,Fed Tony,908,881,Male,Black,2,1.1,1,1,1,1,1,1,1,1,1,0,0,1,6,20,1.9,1.7,3,5,4,4,882,Special,Linear,This hot-shot Starship Captain is on of the Federation's best up-and-coming pilots. Daring and brave in the pilot's seat!,1,40,HealSameRoomCharacters,3,5,9298,2,200,62,,,1,1,9,6,593,592,7
240,243,Pirate Loretta,930,860,Female,Asian,2,0,1,1,1,1,1.1,1,1,1,1,0,0,1,6,18,1.9,1.7,3,6,4,4,861,Special,Linear,"You must understand laws in order to break them. Once a scientist, now a pirate, this Starship Captain has studied the laws of the universe to exploit them to her will.",1,40,DamageToSameRoomCharacters,3,6,9303,2,200,62,,,1,1,9,1,589,591,6
241,244,Pirate Lia,933,872,Female,White,2,0,1,1,1.1,1,1,1,1,1,1,0,0,1,6,18,1.9,1.9,3,5,4,4,873,Special,Linear,A Starship Captain that understands her ship far better than she ever understood the law. She can fix things almost as quickly as she could steal them!,1,40,DamageToSameRoomCharacters,3,6,9306,2,200,62,,,1,1,9,2,589,591,6
242,245,Pirate Michelle,934,866,Female,Black,2,0,1,1,1,1.1,1,1,1,1,1,0,0,1,6,18,1.9,1.7,4,5,4,4,867,Special,Linear,This is one Starship Captain with attitude! She's not afraid to let her weapons do the talking.,1,40,DamageToSameRoomCharacters,3,6,9305,2,200,62,,,1,1,9,3,589,591,6
243,246,Pirate Alex,913,857,Male,Asian,2,0,1,1,1,1,1,1.1,1,1,1,0,0,1,6,18,1.9,1.7,3,5,6,3,858,Special,Linear,This Starship Captain's mechanical skill has gotten him out of some tricky situations. He always tunes his starship's engine perfectly for dodging trouble!,1,40,DamageToSameRoomCharacters,3,6,9302,2,200,62,,,1,1,9,4,593,592,6
244,247,Pirate Edward,932,869,Male,White,2,1.1,1,1,1,1,1,1,1,1,1,0,0,1,6,20,1.9,1.7,3,5,4,3,870,Special,Linear,An attractive aerial ace! This stylish Pirate Captain can make any ship dance through the stars like a winged ballerina!,1,40,DamageToSameRoomCharacters,3,6,9307,2,200,62,,,1,1,9,5,593,592,6
245,248,Pirate Tony,931,863,Male,Black,2,0,1,1,1,1,1,1,1,1,1,0,0,1,6,18,2.1,1.7,3,5,4,4,864,Special,Linear,"As a seasoned Swashbuckler, this Starship Captain is not afraid to go toe-to-toe with any foe!",1,40,DamageToSameRoomCharacters,3,6,9304,2,200,62,,,1,1,9,6,593,592,6
246,249,Qtarian Bobby,895,842,Male,Asian,2,0,1,1,1.1,1,1,1,1,1,1,0,0,1,6,18,1.9,1.9,3,5,4,4,843,Special,Linear,An expert engineer. This Starship Captain has been turning scrap to starships since he was first able to hold a spanner.,1,40,AddReload,20,35,9334,2,200,62,,,1,1,9,6,593,592,8
247,250,Qtarian Laura,896,845,Female,Asian,2,1.1,1,1,1,1,1,1,1,1,1,0,0,1,6,20,1.9,1.7,3,5,4,4,846,Special,Linear,A Starship Captain capable of flying even the most rickety scrap heap... As long as there's an engine attached!,1,40,AddReload,20,35,9335,2,200,62,,,1,1,9,6,589,591,8
248,251,Qtarian Tony,897,848,Male,Black,2,0,1,1,1,1,1,1.1,1,1,1,0,0,1,6,18,1.9,1.7,3,5,6,4,849,Special,Linear,Some say that this Starship Captain can make an engine from nothing but a single piece of scrap and two bottles of gas. His Starship can dodge like no other!,1,40,AddReload,20,35,9336,2,200,62,,,1,1,9,6,593,592,8
249,252,Qtarian Michelle,898,851,Female,Black,2,0,1,1,1,1,1.1,1,1,1,1,0,0,1,6,18,1.9,1.7,3,6,4,4,852,Special,Linear,The Science of Scrap is no mystery to this Starship Captain. She can have a ruined starship's electronic systems up and running before you can say That shouldn't even be possible!,1,40,AddReload,20,35,9338,2,200,62,,,1,1,9,6,589,591,8
250,253,Qtarian Lisa,900,854,Female,White,2,0,1.1,1,1,1,1,1,1,1,1,0,0,1,6,18,2.1,1.7,3,5,4,4,855,Special,Linear,"Expert salvager and natural-born fighter. This is one Starship Captain who can hold her own in a fight! To her, any old scrap, from a chain to a toaster, makes the perfect improvised weapon!",1,40,AddReload,20,35,9337,2,200,62,,,1,1,9,6,589,591,8
251,254,Qtarian Edward,899,893,Male,White,2,0,1,1,1,1.1,1,1,1,1,1,0,0,1,6,18,1.9,1.7,4,5,4,4,894,Special,Linear,A starship captain that can craft projectile weapons from just about anything. His mechanic's touch is enough to make the rustiest gun barrel rapid-fire!,1,40,AddReload,20,35,9339,2,200,62,,,1,1,9,6,593,592,8
252,255,Cancer,805,806,Male,White,6,0,2.6,1,1,1,4,1,1,1,1,0,0,1,10,18,3,2,3,7,23,4,807,Hero,Linear,Loves crabby paddies. ,1,40,DamageToSameRoomCharacters,4,6,8393,2,90,10,,,1,1,3,255,593,592,9
253,256,Gemini,817,818,Female,White,3,4,1.5,100,1,7,4,4,1,1,1,0,1,1,10,12,2.7,1.6,11,24,8,4,819,Hero,EaseOut,A mystical crew commanding the Twin Spirits. Walks the path of the galaxy looking for balance.,1,40,SetFire,200,280,8385,2,90,24,,,1,1,3,256,589,1420,9
254,257,Fed Medic,874,875,Male,Asian,3,2,1.6,3,1.3,3,4,4,4,1,1,0,0,1,6,10,2.6,2.2,12,14,14,9,876,Unique,Linear,A medic and lone Federation survivor from the Pirate attack on the Discipline Space Station.,1,40,HealSameRoomCharacters,2,4,8797,2,70,5,,,1,1,19,257,593,592,7
255,258,First Mate,856,857,Male,Asian,3,2,1.6,3,1.3,3,4,4,4,1,1,0,0,1,6,10,2.6,2.2,12,14,14,9,858,Unique,Linear,"Once first mate to Captain Swallow, this Pirate is now your loyal friend.",1,40,HealSameRoomCharacters,2,4,8779,2,70,5,,,1,1,19,258,593,592,6
256,259,Qtarian Healer,841,842,Male,Asian,3,2,1.6,3,1.3,3,4,4,4,1,1,0,0,1,6,10,2.6,2.2,12,14,14,9,843,Unique,Linear,This Qtarian healer was once held captive on a Pirate vessel.,1,40,HealSameRoomCharacters,2,4,8617,2,70,5,,,1,1,19,259,593,592,8
257,260,Libra,823,824,Female,White,3,2,1.6,3,1.3,3,4,4,4,1,1,0,0,1,9,10,3,2.3,9,23,8,9,825,Hero,Linear,"From Venus, AKA Lady Justice.",1,40,Freeze,160,260,8387,2,90,5,,,1,1,3,260,589,591,9
258,261,Henry,916,917,Male,White,3,1,1.3,3,1.1,2,3,3,2,1,1,0,0,1,9,22,2.9,1.5,4,7,18,4,918,Epic,Linear,Goes jogging in the morning.,1,40,DamageToCurrentEnemy,4,8,9042,2,80,12,,,1,1,19,261,593,592,0
259,262,Chihuahua,919,920,Male,Animal,5,3,1.6,1,1,6,2,6,5,1,1,0,1,1,9,15,2.8,1.8,18,10,23,10,921,Special,EaseIn,Pastime: hanging out with best buddies at the Starbar!,1,40,DamageToRoom,3,5,9043,2,100,24,,,1,1,3,262,1422,1422,5
260,265,Nova,926,927,Male,White,5,3,1.4,20,1.4,6,6,6,5,1,1,0,1,1,10,15,3.1,2.4,18,13,24,6,928,Special,Linear,A brave star marine forever remembered in the galaxy.,1,40,DamageToCurrentEnemy,5,8,9276,2,100,12,,,1,1,3,265,3882,3884,0
261,266,Mousey,923,924,Female,Animal,5,3,1.6,1,1,6,2,6,5,1,2,0,1,1,8,15,2.7,1.2,20,6,15,10,925,Special,EaseIn,Pastime: eating leftover food from the kitchenette. Fast as a kitten. (actually faster),1,40,DamageToRoom,3,5,9219,3,100,6,,,1,1,3,129,3886,1422,1
262,267,Leo,820,821,Male,Animal,5,3,1.6,50,1,6,2,6,5,1,1,0,1,1,8,13,3,1.3,13,6,22,10,822,Hero,EaseIn,"50% Lion, 50% Human, 0% Fat.",1,40,DamageToRoom,3,5,8386,2,90,6,,,1,1,3,267,1422,1422,9
263,268,Buns,939,940,Female,Animal,3,0,0.8,0,1.2,3,3,0,5,1,1,0,0,1,7,4,2.7,2,13,13,2,6,941,Special,Linear,"Cute on the outside, meaty on the inside. Has several hundred siblings.",1,40,DeductReload,200,390,2959,2,100,10,,,1,1,3,268,589,591,5
264,269,Christian,961,962,Male,White,3,8,1.6,1,1.4,9,12,4,1,1,1,0,1,1,8,18,2.9,2.2,15,13,14,4,963,Unique,Linear,Pro-gamer and gourmet food extraordinaire. Also part-time SavySoda Emergency Response Personnel. ,1,40,HealRoomHp,5,7,9527,2,70,6,,,1,1,19,215,593,592,1
265,270,Lilith,958,959,Female,Black,9,0,2,30,1.5,12,12,10,2,1,1,0,0,1,12,18,3.2,2,26,14,12,4,960,Legendary,EaseIn,A legendary general of the Ardent Cabal. Lilith was tasked with leading the Ardent's covert ops fleet to explore an uncharted galaxy.,1,40,DamageToCurrentEnemy,7,12,9514,2,110,24,,,1,1,3,115,593,592,15
266,271,Abbie,964,965,Female,Asian,3,8,1.6,1,2.1,8,14,4,1,1,1,0,1,1,9,18,2.2,2.9,15,22,12,4,966,Epic,Linear,Resides in the mountains designing secret weapons for the federation.,1,40,HealSelfHp,4,8,9661,2,80,3,,,1,1,19,271,590,591,1
267,272,Mistycball,946,947,Male,Alien,4,0,1.7,0,1,1,1.4,1,1,1,1,0,1,1,10,10,3.2,2,10,27,13,5,948,Epic,Linear,A mysterious traveller with technology so advanced it is indistinguishable from magic.,1,40,Freeze,80,280,9444,2,100,24,,,1,1,19,272,8,8,0
268,273,Ardent Templar,955,956,Male,Black,5,5,2,5,1.4,2,1,1,5,1,1,0,1,1,8,20,4.8,2,15,10,10,6,957,Epic,Linear,A well-trained combatant from the Ardent Cabal. Skilled in both space warfare and hand-to-hand fighting.,1,40,HealSelfHp,4,8,9475,2,80,24,,,1,1,19,273,593,592,15
269,275,Schrodinger,943,944,Unknown,Animal,2,0,2,1,1.4,8,12,8,7,1,1,0,1,1,6,7,3.3,2.2,10,16,10,9,945,Unique,Linear,A very uncertain kitty!,1,40,HealRoomHp,7,17,9414,1,70,24,,,1,1,19,275,1270,1270,3
270,276,TJ,968,969,Male,Asian,4,6,1.8,1,1.8,14,9,6,1,1,1,1,1,1,7,15,2.6,2.5,20,18,18,4,970,Epic,Linear,Will the real TJ please stand up.,1,40,DeductReload,240,550,9762,2,80,3,,,1,1,19,276,593,592,1
271,277,Angel,971,972,Female,White,4,3,1.8,1,1.8,5,9,6,1,1,1,1,1,1,9,13,2.5,2.5,17,18,18,4,973,Hero,Linear,From the beautiful Rigel system. Only eats organic food.,1,40,HealSameRoomCharacters,5,9,9790,2,90,9,,,1,1,19,277,8,8,0
272,278,Bad Vlad,1033,1034,Male,White,1,1,3,0,1,10,1,1,1,1,1,0,1,1,3,2,5,2,20,2,2,2,1035,Epic,Linear,He's so bad his opponents take extra damage from his attacks.,1,40,DamageToCurrentEnemy,6,12,10409,2,80,24,,,1,1,19,278,8,8,0
273,279,Ennui,1056,1057,Male,White,4,6,1.8,1,1.8,14,9,6,1,1,1,1,1,1,8,15,2.2,2.4,17,20,18,4,1058,Epic,Linear,Never seen without his magic pencil; completely useless in the digital age.,1,40,HealSameRoomCharacters,4,6,10392,2,80,12,,,1,1,19,279,593,592,1
274,280,Virgo,835,836,Female,White,4,6,1.8,1,1.8,14,9,6,1,1,1,1,1,1,7,15,2.8,2.6,17,23,16,4,837,Hero,Linear,Quite beautiful but has chronic OCD.,1,40,HealSameRoomCharacters,5,8,8391,2,90,20,,,1,1,19,280,589,591,9
275,281,Ophiuchus,1062,1063,Female,Alien,5,3,1.6,0,1,6,2,6,5,1,1,0,1,1,11,23,3.2,1.7,8,8,25,10,1064,Special,EaseIn,A secret member of an ancient society. Likes playing with snakes.,1,40,DamageToSameRoomCharacters,3,7,10436,2,100,12,,,1,1,3,281,1422,1422,9
276,282,Cheng the Red,983,984,Female,Asian,2,0,1,1,1,1,1.1,1,1,1,1,0,0,1,6,18,1.9,1.7,3,6,4,4,985,Common,Linear,Famous on her home planet for mass media piracy. Now taking the swashbucklers life to the stars.,1,40,None,0,0,9303,2,50,12,,,1,1,17,282,589,591,6
277,283,Bonnie Blacktooth,974,975,Female,White,2,0,1,1,1.1,1,1,1,1,1,1,0,0,1,6,18,1.9,1.9,3,5,4,4,976,Common,Linear,A Starship Captain that understands her ship far better than she ever understood the law. She can fix things almost as quickly as she could steal them!,1,40,None,0,0,9306,2,50,12,,,1,1,17,283,589,591,6
278,284,Mabel Mayhem,989,990,Female,Black,2,0,1,1,1,1.1,1,1,1,1,1,0,0,1,6,18,1.9,1.7,4,5,4,4,991,Common,Linear,An intelligent pirate girl. Willing to serve the captain for life!,1,40,None,0,0,9305,2,50,12,,,1,1,17,284,589,591,6
279,285,Burt the Terrible,977,978,Male,White,2,1.1,1,1,1,1,1,1,1,1,1,0,0,1,6,20,1.9,1.7,3,5,4,3,979,Common,Linear,Its a beautiful day and I am so beautiful also!,1,40,None,0,0,9307,2,50,12,,,1,1,17,285,593,592,6
280,286,Kevin Kruel,986,987,Male,Black,2,0,1,1,1,1,1,1,1,1,1,0,0,1,6,18,2.1,1.7,3,5,4,4,988,Common,Linear,Got tricked by a pirate movie when young.,1,40,None,0,0,9304,2,50,12,,,1,1,17,286,593,592,6
281,287,Awful Alex,980,981,Male,Asian,2,0,1,1,1,1,1,1.1,1,1,1,0,0,1,6,18,1.9,1.7,3,5,6,3,982,Common,Linear,His act as a pirate have thus far been... pretty awful.,1,40,None,0,0,9302,2,50,12,,,1,1,17,287,593,592,6
282,288,Dracorpse,936,937,Unknown,Animal,8,0,2.5,1,0,0,0,0,1,1,1,0,0,1,14,0,3,0,0,0,0,3,938,Legendary,Linear,Don't let the Dracorpse's injuries fool you into thinking you have a chance. Just run.,1,40,DamageToSameRoomCharacters,4,7,9363,1,110,24,,,1,1,3,288,593,592,6
283,289,Infected Victoria,1074,1075,Female,Asian,2,0,1.4,1,1,1,1.2,1,1,1,1,0,0,1,4,3,1.9,1.9,6,6,6,5,1076,Common,Linear,A secret Lingerie Officer in the Federation Navy. 2 years your senior. Now afflicted by some strange crystal growths.,1,40,None,0,0,10704,2,50,3,,,1,1,19,289,589,591,0
284,290,Infected Trey,1068,1069,Male,White,2,0,1.4,1,1,1,1.2,1,1,1,1,0,0,1,4,3,1.9,1.9,6,6,6,5,1070,Common,Linear,"A hostage negotiator working for the Federation Navy. That is, until he was afflicted by a strange crystal growth.",1,40,None,0,0,10678,2,50,3,,,1,1,19,290,593,592,0
285,291,Female Citizen,1071,1072,Female,White,2,0,1.4,1,1,1,1.2,1,1,1,1,0,0,1,4,3,1.9,1.9,6,6,6,5,1073,Common,Linear,"From the Federation capital, Central. She enjoys smooth cappuccinos.",1,40,None,0,0,10691,2,50,3,,,1,1,19,291,589,591,0
286,292,Male Civilian,1065,1066,Male,White,2,0,1.4,1,1,1,1.2,1,1,1,1,0,0,1,4,3,1.9,1.9,6,6,6,5,1067,Common,Linear,"A citizen of the federation. From the capital, Central. Enjoys Avocado with brunch.",1,40,None,0,0,10665,2,50,3,,,1,1,19,290,593,592,0
287,293,Scorpio,829,830,Male,Animal,5,3,1.6,0,1,6,2,6,5,1,1,0,1,1,9,13,2.8,2,16,15,15,10,831,Hero,EaseIn,Has a tail and competes regularly in the iron man competition.,1,40,DamageToCurrentEnemy,5,8,8389,2,90,6,,,1,1,3,293,1422,1422,9
288,294,Deadeye Diana,1080,1081,Female,Asian,2,0,1,1,1,1,1.1,1,1,1,1,0,0,1,6,18,1.9,1.7,3,6,4,4,1082,Common,Linear,"In truth, she's not that great of a shot, but she's so nice that everyone humours her.",1,40,None,0,0,10759,2,50,12,,,1,1,17,294,589,591,7
289,295,Cross-eyed Mary,1086,1087,Female,White,2,0,1,1,1.1,1,1,1,1,1,1,0,0,1,6,18,1.9,1.9,3,5,4,4,1088,Common,Linear,"Cute and capable, even if you can't tell where she's looking.",1,40,None,0,0,10761,2,50,12,,,1,1,17,295,589,591,7
290,296,'Saucy' Maguire,1092,1093,Female,Black,2,0,1,1,1,1.1,1,1,1,1,1,0,0,1,6,18,1.9,1.7,4,5,4,4,1094,Common,Linear,This intelligent young woman writes erotic novels in her leisure time. Very popular with the other recruits.,1,40,None,0,0,10763,2,50,12,,,1,1,17,296,589,591,7
291,297,Whats-his-name,1083,1084,Male,White,2,1.1,1,1,1,1,1,1,1,1,1,0,0,1,6,20,1.9,1.7,3,5,4,3,1085,Common,Linear,"You never got this friendly young recruit's name, and at this point it's too late to ask.",1,40,None,0,0,10760,2,50,12,,,1,1,17,297,593,592,7
292,299,Handsome Michael,1077,1078,Male,Asian,2,0,1,1,1,1,1,1.1,1,1,1,0,0,1,6,18,1.9,1.7,3,5,6,3,1079,Common,Linear,"The looker of his graduate class, unfortunately prone to busting out his guitar at parties.",1,40,None,0,0,10758,2,50,12,,,1,1,17,299,593,592,7
293,300,Infected Drakian,1095,1096,Male,Alien,7,9,1.6,0,1,7,7,6,7,1,1,0,0,1,10,11,3.4,1,16,14,14,12,1097,Special,Linear,An infected D.R.A.G.O.N soldier upgraded with Zakian Armor.,1,40,DamageToCurrentEnemy,5,10,10871,2,100,12,,,1,1,7,300,1355,1355,0
294,301,Tom no.3,1089,1090,Male,Black,2,0,1,1,1,1,1,1,1,1,1,0,0,1,6,18,2.1,1.7,3,5,4,4,1091,Common,Linear,"Named to differentiate him from the other two Toms, neither of whom you've met.",1,40,None,0,0,10762,2,50,12,,,1,1,17,301,593,592,7
295,302,Infected Drakian Clone,1095,1096,Male,Alien,7,9,1.6,0,1,7,7,6,7,1,1,0,0,1,10,11,3.4,1,16,14,14,12,1097,Special,Linear,An infected D.R.A.G.O.N soldier upgraded with Zakian Armor.,1,40,DamageToCurrentEnemy,5,10,10871,2,100,12,,,1,1,3,300,1355,1355,0
296,303,Alley Cat Zombie,1098,1099,Male,Animal,3,0,2,1,1,10,8,8,7,1,1,0,1,1,9,7,3.3,1.1,10,10,10,9,1100,Special,Linear,"A stray cat from the Alley that has used up all its lives, and now returns one last time...as a zombie.",1,40,DamageToCurrentEnemy,7,17,10887,2,100,12,,,1,1,3,303,1270,1270,3
297,304,Drogon,1138,1139,Male,Alien,7,9,1.6,50,1,7,7,6,7,1,1,0,0,1,11,11,3.1,1.7,13,14,21,12,1140,Special,Linear,ZAKI Elder. . 8 time tournament title holder in 2018 Season - Nov 2018.,1,40,Freeze,200,300,11117,2,100,12,,,1,1,3,304,1355,1355,0
298,305,Fixer Silvertongue,1104,1105,Female,White,2,0,1,1,1.1,1,1,1,1,1,1,0,0,1,6,18,1.9,1.9,3,5,4,4,1106,Common,Linear,"Contrary to popular rumour, this Qtarian does not have an actual robot tongue; she's just very polite.",1,40,None,0,0,10947,2,50,12,,,1,1,17,305,589,591,8
299,306,Katie-8 'Hammerhead',1109,1110,Female,Asian,2,0,1,1,1.1,1,1,1,1,1,1,0,0,1,6,18,1.9,1.9,3,5,4,4,1111,Common,Linear,"This eager recruit is famous for fixing a gun array purely by headbutting it. Some say it left her a little odd, though.",1,40,None,0,0,10948,2,50,12,,,1,1,17,306,589,591,8
300,307,Sally Smelter,1112,1113,Female,Black,2,0,1,1,1,1.1,1,1,1,1,1,0,0,1,6,18,1.9,1.7,4,5,4,4,1114,Common,Linear,"Born into the role of a forge worker, this cool-headed Qtarian keeps samples of interesting alloys as a hobby.",1,40,None,0,0,10949,2,50,12,,,1,1,17,307,589,591,8
301,308,Vit the Idiot,1101,1102,Male,White,2,1.1,1,1,1,1,1,1,1,1,1,0,0,1,6,20,1.9,1.7,3,5,4,3,1103,Common,Linear,"The Qtarian is not the sharpest tool in the shed, but he makes up for it in sheer bloodyminded tenacity.",1,40,None,0,0,10944,2,50,12,,,1,1,17,308,593,592,8
302,309,Serial25 - Bookworm,1107,1102,Male,Asian,2,0,1,1,1,1,1,1.1,1,1,1,0,0,1,6,18,1.9,1.7,3,5,6,3,1103,Common,Linear,"This Qtarian loves human fantasy novels; apparently, they burn better than any other kind of book.",1,40,None,0,0,10945,2,50,12,,,1,1,17,309,593,592,8
303,310,Jacob-57a,1108,1102,Male,Black,2,0,1,1,1,1,1,1,1,1,1,0,0,1,6,18,2.1,1.7,3,5,4,4,1103,Common,Linear,"This gregarious Qtarian became an astronaut not from a love of adventure, but from a deep hatred of dirt.",1,40,None,0,0,10946,2,50,12,,,1,1,17,310,593,592,8
304,311,Mad Jackson,1154,1155,Male,Black,4,1,1.6,3,1.1,3,3,3,2,1,1,0,0,1,9,10,3,1.5,14,12,6,4,1156,Epic,Linear,"Ask anyone who knows him, he's not really mad. He's furious!",1,40,HealSelfHp,4,8,11215,2,80,12,,,1,1,19,311,593,592,0
305,312,Gray Conductor,1157,1158,Unknown,Alien,2,1,1.1,1,1.5,2,7,2,3,1,1,0,0,1,4,5,1.8,2,8,14,6,9,1159,Elite,EaseOut,"The role of this Grey is to unify experiments, set their living tempo, execute clear genetic patterns and critically shape the new life-form as it grows.",1,40,None,0,0,11243,2,60,5,,,1,1,19,312,593,592,13
306,313,Snow Joe,1151,1152,Unknown,Robot,2,1,1,0,1.5,2,4,2,3,1,1,0,0,1,8,4,2.2,3,8,15,6,9,1153,Epic,EaseOut,"Regards others with an icy stare, before giving them the cold shoulder. Loves singing 'Do you want to build a snowman' during a fight.",1,40,Freeze,100,300,11216,2,70,5,,,1,1,19,313,593,592,0
307,314,Leela,1163,1164,Unknown,Alien,2,0,1,1,1,1,1.1,1,1,1,1,0,0,1,4,16,1.8,1.8,4,7,4,4,1165,Common,Linear,Only has 2D eyesight. Job: Gray Curator Pastime: abducting animals for experimentation.,1,40,None,0,0,11243,2,50,12,,,1,1,17,314,589,591,13
308,315,Gray Virtuoso,1160,1161,Unknown,Alien,3,2,1.3,1,1.5,3,6,3,1,1,1,0,1,1,6,10,2.5,3,10,19,8,4,1162,Unique,Linear,These Gray possess outstanding ability in creating living artwork from their experiments.,1,40,HealSameRoomCharacters,2,5,11220,2,70,24,,,1,1,19,315,3512,3514,13
309,316,Dr Mew,1166,1167,Male,Animal,3,2,1.6,3,1.3,3,7,4,4,1,1,0,0,1,6,10,2.8,2,10,18,10,9,1168,Unique,Linear,Dogs couldn't operate an MRI machine... but CATscan!,1,40,HealSameRoomCharacters,1,3,11278,2,70,5,,,1,1,19,316,1270,1270,3
310,318,Ardent Stardancer,1172,1173,Male,Black,3,2,2,2,1,2,5,2,3,1,1,0,0,1,5,3,2.5,3,5,10,4,9,1174,Elite,EaseOut,The grace and beauty of this lithe Ardent's movements belie his deadliness in combat.,1,40,None,0,0,11291,3,60,12,,,1,1,19,318,593,592,15
311,319,Ardent Starhuntress,1169,1170,Female,Black,3,2,2,2,1,2.7,6,2,1,1,1,0,1,1,8,8,3,2,8,15,6,4,1171,Unique,Linear,This laconic heroine wields the traditional weapon of her people with enough skill to make it the equal of any modern blaster.,1,40,DamageToCurrentEnemy,4,6,11268,3,70,24,,,1,1,19,319,589,592,15
312,320,Miss Santa,1184,1185,Female,White,3,2,1.9,0,1.2,3,3,0,5,1,1,0,0,1,7,23,2.8,2.4,19,13,16,6,1186,Special,Linear,Has taken all of Santa's gifts to give to stray dogs in Proxima Centauri.,1,40,DamageToCurrentEnemy,5,8,11338,2,100,10,,,1,1,3,192,590,591,0
313,321,Server Eric,1181,1182,Male,White,3,9,1.6,1,1.4,9,12,4,1,1,1,0,1,1,8,20,2.3,2.8,12,13,26,4,1183,Epic,Linear,The real Eric is standing up - next to the server adding stuff.,1,40,AddReload,30,40,11336,2,80,6,,,1,1,19,321,593,592,1
314,322,Capricorn,814,815,Male,Animal,5,3,1.6,0,1,6,2,6,5,1,1,0,1,1,8,13,2.6,2.2,14,23,18,10,816,Hero,EaseIn,Possibly the horniest guy in the galaxy. Also refuses to run at fast speeds to avoid creasing his fine suit.,1,40,AddReload,25,45,8384,2,90,10,,,1,1,3,322,1422,1422,9
315,323,Harmony Dragon,1203,1204,Female,Animal,4,0,1.5,0,1,1,1,1,1,1,1,0,1,1,10,12,2.9,2,13,27,13,5,1205,Special,Linear,"A Beautiful, Mystical creature with healing powers.",1,40,HealSameRoomCharacters,2,7,12258,2,100,24,,,1,1,3,219,3543,3543,0
316,324,Aquarius,808,809,Female,White,5,3,1.5,50,1,6,2,6,5,1,1,0,1,1,9,23,2.4,2.4,14,12,13,10,810,Hero,EaseIn,Washes hands 50 times a day.,1,40,HealSameRoomCharacters,5,7,8381,2,90,10,,,1,1,3,324,589,591,9
317,325,Draki Soldier,1271,1272,Male,Alien,6,8,1.5,0,1,6,6,8,7,1,1,0,0,1,11,9,3.2,1.2,17,13,13,12,1273,Special,Linear,ZAKI Soldier. 2019 January Tournament Crew.,1,40,HealRoomHp,8,10,12007,2,100,12,,,1,1,7,325,1355,1355,0
318,326,Pisces,826,827,Female,Black,5,3,1.6,0,1,6,2,6,5,1,1,0,1,1,9,11,2.8,2.4,13,22,12,10,828,Hero,EaseIn,Prefers seafood.,1,40,Freeze,180,250,8388,2,90,6,,,1,1,3,326,1422,1422,9
319,327,Wandering Spirit,1303,1304,Male,Animal,3,2,2,2,1,2.7,6,2,1,1,1,0,1,1,8,8,3,2,8,15,6,4,1305,Unique,Linear,A ghost of captains past.,1,40,DamageToCurrentEnemy,4,6,12286,3,70,10,,,1,1,3,327,1308,1308,0
320,328,Ancestral Spirit,1300,1301,Male,Animal,5,1,1.9,1,1.9,12,4,3,1,1,1,1,1,1,12,4,2.9,2.2,22,9,15,4,1302,Hero,EaseIn,A ghost of captains present. How does that work?,1,40,DamageToSameRoomCharacters,3,7,12271,2,90,24,,,1,1,3,328,1308,1308,0
321,329,Ichigo,1297,1298,Male,Asian,3,0,2.4,1,1.2,10,10,6,7,1,1,0,1,1,9,9,3.5,1.5,25,16,9,9,1299,Hero,Linear,"If he's got a bat, stand back! This guy hits like no one else!",1,40,DamageToCurrentEnemy,5,10,12249,2,90,24,,,1,1,3,329,1806,1808,0
322,330,Aries,811,812,Female,White,5,3,1.5,0,1,6,2,6,5,1,1,0,1,1,10,23,2.8,2,10,17,12,10,813,Hero,EaseIn,First of the Zodiacs! Impetuosity is her trademark.,1,40,HealSelfHp,6,10,8382,2,90,10,,,1,1,3,330,589,591,9
323,331,Mangrove,1306,1307,Male,Alien,3,0,1.6,0,1.4,1,1,1,1,1,1,0,1,1,9,6,2.6,1.8,8,9,8,5,1308,Unique,Linear,The salad that bites back!,1,40,DamageToSameRoomCharacters,5,8,12350,2,70,16,,,1,1,3,331,1308,1308,0
324,332,Cypress,1309,1310,Female,Alien,3,1,1.6,0,1,1,1.4,1,1,1,1,0,1,1,9,8,2.6,2,8,11,8,5,1311,Unique,Linear,"Loves the cold and damp, hates summer and French cuisine.",1,40,DamageToSameRoomCharacters,4,8,12351,2,70,1,,,1,1,3,332,1308,1308,0
325,333,Papyrus,1312,1313,Female,Alien,3,0,2.2,0,1,1.4,1,1,1,1,1,0,1,1,9,6,3,2,10,9,8,5,1314,Unique,Linear,A surprisingly capable mezzo soprano.,1,40,DamageToSameRoomCharacters,4,7,12352,2,70,8,,,1,1,3,333,1308,1308,0
326,334,Timber,1318,1319,Male,Animal,3,0,2.2,1,1.2,10,8,8,7,1,1,0,1,1,9,9,3.3,1.5,25,10,10,9,1320,Hero,Linear,"For a professional golfer, this tiger spends a lot of time in the woods.",1,40,DamageToCurrentEnemy,5,10,12368,2,90,24,,,1,1,3,334,1806,1808,5
327,335,Itsura,1324,1325,Male,White,2,1,1,1,1,3,2,2,2,1,1,0,0,1,5,7,1.8,1.8,11,8,8,7,1326,Common,Linear,Community Manager for Russia and Beyond!,1,40,None,0,0,12422,2,50,6,,,1,1,19,36,593,592,1
328,336,Infested Qtarian,1327,1328,Male,White,4,0,1.5,0,0,3.4,0,1.8,0,1,1,0,0,1,8,0,2.6,0.6,7.2,0,8.5,0,1329,Elite,Linear,The empty shell of a once-proud Qtarian. Fights with unfeeling brutality.,1,40,DamageToSameRoomCharacters,2,7,12056,2,50,24,,,1,1,1,336,1308,1308,0
329,337,Bliss,1330,1331,Female,White,3,8,1.7,50,2,6,4,14,1,1,1,0,1,1,8,15,2.6,2.9,15,12,22,4,1332,Epic,Linear,Master media manipulator. Never without a fire extinguisher for the multiple social media accounts.,1,40,HealSameRoomCharacters,3,6,12435,2,80,12,,,1,1,19,337,590,591,1
330,338,Zongzi-Man,1343,1344,Male,Alien,5,6,2,20,2,8,10,10,1,1,1,0,1,1,10,10,2.5,2.5,15,21,20,10,1345,Hero,Linear,"Alien by day, Rice Dumpling by night! It's Zongzi-Man!",1,40,DamageToSameRoomCharacters,1,7,12617,2,90,24,,,1,1,3,338,590,595,0
331,339,Zongzi Droid,1340,1341,Unknown,Robot,7,0,1,30,1.2,0,0,0,0,1,2,0,0,1,7,0,1,1.2,0,0,0,0,1342,Common,Linear,A mad scientist's obsession with rice dumplings led him to invent a strange contraption that is part droid and part rice dumpling.,1,40,HealSelfHp,3,3,5372,2,0,0,,,1,1,0,339,595,595,0
332,340,Xeon,1346,1347,Male,Asian,8,5,2,50,1.7,8,8,7,1,1,1,0,0,1,12,13,3,2.5,17,21,12,4,1348,Special,EaseOut,An errant Ardent warrior that decided to embark on a quest to find secret technology that could save his home galaxy.,1,40,DamageToSameRoomCharacters,4,7,12746,2,100,24,,,1,1,1,340,593,592,15
333,342,Western Crow,1349,1350,Male,Alien,7,5,1.5,1,1.3,12,10,3,1,1,1,0,1,1,12,7,2.8,2.5,13,22,22,4,1351,Hero,Linear,"A genetic food experiment gone wrong, what was once a grain of rice has mutated into a monstrous yet dastardly handsome humanoid creature.",1,40,DeductReload,180,360,12766,2,90,6,,,1,1,3,342,593,592,0
334,343,Princess Vega,1361,1362,Female,Asian,3,9,1.3,1,1,7,4,4,1,1,1,0,1,1,10,19,2.8,2.5,9,13,8,4,1363,Special,EaseOut,The royal princess of a distant empire in search of her lost love. Has an unhealthy addiction to weaving.,1,40,Freeze,100,280,12826,2,100,17,,,1,1,1,343,590,591,16
335,344,Altair,1358,1359,Male,Asian,6,6,2,0,2,8,8,8,1,1,1,0,1,1,10,19,2.5,2.8,15,16,12,10,1360,Special,Linear,A wanderer from a distant galaxy that herds Starcows for a living and is now attempting to find a way home after accidentally getting sucked into a black hole.,1,40,DamageToSameRoomCharacters,1,7,12825,3,100,17,,,1,1,1,344,590,595,16
336,345,Sherry,1365,1366,Female,Asian,3,8,1.6,1,1.4,9,12,4,1,1,1,0,1,1,9,18,3.2,2.1,15,13,14,4,1367,Epic,Linear,Can tell how powerful you are with her unique power detector.,1,40,Freeze,80,260,12871,2,80,6,,,1,1,19,345,593,592,1
337,346,Snowie,1372,1373,Male,Robot,5,3,1.6,1,1,6,2,6,5,1,1,0,1,1,8,15,2.2,3.2,19,9,21,10,1374,Hero,EaseIn,Don't let his cute exterior fool you! This cyborg-assassin bunny can kill you armed with only snowballs.,1,40,DamageToCurrentEnemy,3,9,12972,3,100,6,,,1,1,3,346,3886,1422,0
338,347,Commodore Firenz,1334,1335,Female,Black,6,10,2.1,5,1.7,12,12,12,5,1,1,0,0,1,9,18,3,3.4,15,20,20,17,1336,Hero,Linear,"An inspirational Federation leader, who quickly gives aid wherever needed to maintain her ship as a strategic asset on the battlefield.",1,40,HealSameRoomCharacters,5,8,12541,3,90,6,,,1,1,3,347,589,591,7
339,348,Galactic Sprite,1375,1376,Female,Animal,4,3,1.2,40,1,6,9,9,5,1,3,0,1,1,13,9,1.5,3.3,10,23,28,10,1377,Legendary,EaseIn,"The orphaned child of forgotten divinities. Isn't she cute? She hates you, all of you. So, so much.",1,40,Freeze,180,320,12987,3,110,24,,,1,1,3,348,1422,1422,0
340,349,Loong,1381,1382,Male,Alien,5,3,1.6,0,1,6,2,6,5,1,1,0,0,1,10,23,2.9,1.9,23,8,11,10,1383,Special,Linear,Tournament reward for September 2019. This proud warrior has only one weakness: An unquenchable thirst for fine green tea.,1,40,Freeze,130,280,13014,2,100,24,,,1,1,1,349,1355,1355,0
341,350,Galactic Alchemist,1378,1379,Female,White,10,8,1.6,100,1,9,9,9,7,1,1,0,0,1,12,12,2,2,17,29,14,12,1380,Legendary,Linear,"Cold and inscrutable, her search for immortality has led her to knowledge best left forgotten...",1,40,SetFire,600,1000,13000,2,110,17,,,1,1,3,350,1355,1355,0
342,351,Namith,1388,1389,Female,White,8,5,1.8,50,1.8,6,6,8,1,1,1,0,0,1,10,13,3.7,1.8,24,17,12,4,1390,Special,EaseOut,"A villainous warrior of The Eaten Alliance, she twists Visiri biomachinery into parasitic instruments of oppression and control. ",1,40,Freeze,140,230,13047,2,100,24,,,1,1,1,351,593,592,14
343,352,Countess Miyoko,1391,1392,Female,White,5,10,1.2,95,1.3,10,10,10,5,1,1,0,0,1,9,18,1.8,1.8,15,17,21,17,1393,Hero,Linear,Voted 'most likely to overthrow the empress' in her high-school yearbook. Her parents couldn't be more proud.,1,40,SetFire,250,500,13064,2,90,6,,,1,1,3,347,589,591,6
344,353,Ghostly Holo-Droid,1394,1395,Unknown,Robot,4,0,1,60,1.8,0,0,0,0,1,2,0,0,1,4,0,1,1.8,0,0,0,0,1396,Common,Linear,"I was working in the lab, late one night, when my eyes beheld an eerie sight. For my ghost from his projector, began to rise. And suddenly to my surprise; He did the mash! He did the monster mash!",1,40,Freeze,100,100,5372,2,0,0,,,1,1,0,339,595,595,0
345,354,Alibaba,1400,1401,Male,White,5,1,1.3,3,1.1,2,3,3,2,1,1,0,0,1,8,9,2.3,2.5,16,9,14,8,1402,Epic,Linear,No vault is safe from this dashing thief. Open Sesame!,1,40,DamageToSameRoomCharacters,3,7,13138,2,80,10,,,1,1,19,182,593,592,0
346,355,Turkey Hero,1403,1404,Male,Animal,7,3,1,95,2.5,6,2,6,5,1,2,0,1,1,10,15,1.2,3.5,23,9,18,10,1405,Hero,EaseIn,Superhero turkey who survived the trials of the oven,1,40,HealRoomHp,2,6,13199,2,90,9,,,1,1,3,355,3886,1422,0
347,356,Cyber Duck,1406,1407,Female,Robot,12,8,0.8,100,1,8,8,8,7,1,2,0,0,1,14,12,1.2,1.2,17,27,22,12,1408,Legendary,Linear,Cyberduck,1,40,AddReload,40,50,13221,3,110,24,,,1,1,3,356,1355,1355,0
348,357,Galactic Snow Maiden,1412,1413,Female,White,6,8,2,0,1,13,8,8,7,1,1,0,0,1,9,18,3.2,2.5,26,16,17,12,1414,Legendary,Linear,"Snow Maiden who can communicate with icy creatures, only person who galactic sprite likes.",1,40,Freeze,200,300,13221,2,110,9,,,1,1,3,357,1355,1355,0
349,358,Rudolph,1409,1410,Male,Animal,5,3,1,20,2,8,5,6,5,1,2,0,1,1,10,20,2,2.8,18,18,18,10,1411,Hero,EaseIn,"Rudolph the Red-Nosed Reindeer, had a very shiny nose, and if you ever saw it, you would even say it glows...",1,40,HealSameRoomCharacters,3,6,13255,3,90,9,,,1,1,3,358,3886,1422,0
